Date,Store,Dept,Weekly_Sales,Type,Size,Temperature,Fuel_Price,CPI,Unemployment,IsHoliday,Year,Month,Week,Promotional_Discount
2019-02-05,1,1,24924.5,A,151315,42.31,2.572,211.0963582,8.106,No,2019,2,1,16261.92245969254
2019-02-05,9,97,668.48,B,125833,38.01,2.572,214.6554591,6.415,No,2019,2,1,8531.491384383251
2019-02-05,9,85,693.87,B,125833,38.01,2.572,214.6554591,6.415,No,2019,2,1,8531.491384383251
2019-02-05,8,80,8654.6,A,155078,34.14,2.572,214.4714512,6.299,No,2019,2,1,14918.89426958363
2019-02-05,9,55,11123.56,B,125833,38.01,2.572,214.6554591,6.415,No,2019,2,1,8531.491384383251
2019-02-05,9,52,1150.25,B,125833,38.01,2.572,214.6554591,6.415,No,2019,2,1,8531.491384383251
2019-02-05,9,28,356.9,B,125833,38.01,2.572,214.6554591,6.415,No,2019,2,1,8531.491384383251
2019-02-05,9,29,2604.7,B,125833,38.01,2.572,214.6554591,6.415,No,2019,2,1,8531.491384383251
2019-02-05,9,30,2281.0,B,125833,38.01,2.572,214.6554591,6.415,No,2019,2,1,8531.491384383251
2019-02-05,4,96,32581.21,A,205863,43.76,2.598,126.4420645,8.623,No,2019,2,1,19838.3680016247
2019-02-05,9,31,1095.82,B,125833,38.01,2.572,214.6554591,6.415,No,2019,2,1,8531.491384383251
2019-02-05,9,32,6251.72,B,125833,38.01,2.572,214.6554591,6.415,No,2019,2,1,8531.491384383251
2019-02-05,9,33,2235.49,B,125833,38.01,2.572,214.6554591,6.415,No,2019,2,1,8531.491384383251
2019-02-05,9,34,8620.13,B,125833,38.01,2.572,214.6554591,6.415,No,2019,2,1,8531.491384383251
2019-02-05,9,54,178.0,B,125833,38.01,2.572,214.6554591,6.415,No,2019,2,1,8531.491384383251
2019-02-05,9,35,1134.0,B,125833,38.01,2.572,214.6554591,6.415,No,2019,2,1,8531.491384383251
2019-02-05,9,40,32427.39,B,125833,38.01,2.572,214.6554591,6.415,No,2019,2,1,8531.491384383251
2019-02-05,9,41,714.0,B,125833,38.01,2.572,214.6554591,6.415,No,2019,2,1,8531.491384383251
2019-02-05,9,96,2438.08,B,125833,38.01,2.572,214.6554591,6.415,No,2019,2,1,8531.491384383251
2019-02-05,9,42,2504.68,B,125833,38.01,2.572,214.6554591,6.415,No,2019,2,1,8531.491384383251
2019-02-05,9,95,23292.1,B,125833,38.01,2.572,214.6554591,6.415,No,2019,2,1,8531.491384383251
2019-02-05,9,91,292.64,B,125833,38.01,2.572,214.6554591,6.415,No,2019,2,1,8531.491384383251
2019-02-05,9,2,24917.84,B,125833,38.01,2.572,214.6554591,6.415,No,2019,2,1,8531.491384383251
2019-02-05,9,3,6733.37,B,125833,38.01,2.572,214.6554591,6.415,No,2019,2,1,8531.491384383251
2019-02-05,8,93,23348.83,A,155078,34.14,2.572,214.4714512,6.299,No,2019,2,1,14918.89426958363
2019-02-05,9,25,6014.75,B,125833,38.01,2.572,214.6554591,6.415,No,2019,2,1,8531.491384383251
2019-02-05,9,26,6076.44,B,125833,38.01,2.572,214.6554591,6.415,No,2019,2,1,8531.491384383251
2019-02-05,9,27,1181.5,B,125833,38.01,2.572,214.6554591,6.415,No,2019,2,1,8531.491384383251
2019-02-05,9,59,241.86,B,125833,38.01,2.572,214.6554591,6.415,No,2019,2,1,8531.491384383251
2019-02-05,4,94,57647.52,A,205863,43.76,2.598,126.4420645,8.623,No,2019,2,1,19838.3680016247
2019-02-05,9,67,3596.09,B,125833,38.01,2.572,214.6554591,6.415,No,2019,2,1,8531.491384383251
2019-02-05,9,71,2479.26,B,125833,38.01,2.572,214.6554591,6.415,No,2019,2,1,8531.491384383251
2019-02-05,9,72,51530.74,B,125833,38.01,2.572,214.6554591,6.415,No,2019,2,1,8531.491384383251
2019-02-05,9,74,8076.88,B,125833,38.01,2.572,214.6554591,6.415,No,2019,2,1,8531.491384383251
2019-02-05,9,79,14562.38,B,125833,38.01,2.572,214.6554591,6.415,No,2019,2,1,8531.491384383251
2019-02-05,9,81,2056.57,B,125833,38.01,2.572,214.6554591,6.415,No,2019,2,1,8531.491384383251
2019-02-05,9,56,769.32,B,125833,38.01,2.572,214.6554591,6.415,No,2019,2,1,8531.491384383251
2019-02-05,9,82,8658.41,B,125833,38.01,2.572,214.6554591,6.415,No,2019,2,1,8531.491384383251
2019-02-05,4,93,60623.33,A,205863,43.76,2.598,126.4420645,8.623,No,2019,2,1,19838.3680016247
2019-02-05,9,87,11680.93,B,125833,38.01,2.572,214.6554591,6.415,No,2019,2,1,8531.491384383251
2019-02-05,9,90,2335.92,B,125833,38.01,2.572,214.6554591,6.415,No,2019,2,1,8531.491384383251
2019-02-05,9,92,11620.09,B,125833,38.01,2.572,214.6554591,6.415,No,2019,2,1,8531.491384383251
2019-02-05,5,1,9323.89,B,34875,39.7,2.572,211.6539716,6.566,No,2019,2,1,7230.272059479554
2019-02-05,9,44,2705.26,B,125833,38.01,2.572,214.6554591,6.415,No,2019,2,1,8531.491384383251
2019-02-05,5,11,5501.87,B,34875,39.7,2.572,211.6539716,6.566,No,2019,2,1,7230.272059479554
2019-02-05,8,14,11410.69,A,155078,34.14,2.572,214.4714512,6.299,No,2019,2,1,14918.89426958363
2019-02-05,5,10,8372.87,B,34875,39.7,2.572,211.6539716,6.566,No,2019,2,1,7230.272059479554
2019-02-05,9,46,7417.41,B,125833,38.01,2.572,214.6554591,6.415,No,2019,2,1,8531.491384383251
2019-02-05,8,12,5158.64,A,155078,34.14,2.572,214.4714512,6.299,No,2019,2,1,14918.89426958363
2019-02-05,9,36,158.0,B,125833,38.01,2.572,214.6554591,6.415,No,2019,2,1,8531.491384383251
2019-02-05,14,19,74.91,A,200898,27.31,2.784,181.8711898,8.992,No,2019,2,1,19956.04368865647
2019-02-05,8,79,29645.68,A,155078,34.14,2.572,214.4714512,6.299,No,2019,2,1,14918.89426958363
2019-02-05,5,3,4190.2,B,34875,39.7,2.572,211.6539716,6.566,No,2019,2,1,7230.272059479554
2019-02-05,8,1,16181.89,A,155078,34.14,2.572,214.4714512,6.299,No,2019,2,1,14918.89426958363
2019-02-05,8,2,37550.1,A,155078,34.14,2.572,214.4714512,6.299,No,2019,2,1,14918.89426958363
2019-02-05,5,9,4877.38,B,34875,39.7,2.572,211.6539716,6.566,No,2019,2,1,7230.272059479554
2019-02-05,8,3,10483.04,A,155078,34.14,2.572,214.4714512,6.299,No,2019,2,1,14918.89426958363
2019-02-05,8,4,21759.76,A,155078,34.14,2.572,214.4714512,6.299,No,2019,2,1,14918.89426958363
2019-02-05,8,5,23880.84,A,155078,34.14,2.572,214.4714512,6.299,No,2019,2,1,14918.89426958363
2019-02-05,8,6,4104.97,A,155078,34.14,2.572,214.4714512,6.299,No,2019,2,1,14918.89426958363
2019-02-05,8,7,16528.54,A,155078,34.14,2.572,214.4714512,6.299,No,2019,2,1,14918.89426958363
2019-02-05,8,8,28177.56,A,155078,34.14,2.572,214.4714512,6.299,No,2019,2,1,14918.89426958363
2019-02-05,8,9,8244.57,A,155078,34.14,2.572,214.4714512,6.299,No,2019,2,1,14918.89426958363
2019-02-05,8,10,28716.87,A,155078,34.14,2.572,214.4714512,6.299,No,2019,2,1,14918.89426958363
2019-02-05,5,8,14337.76,B,34875,39.7,2.572,211.6539716,6.566,No,2019,2,1,7230.272059479554
2019-02-05,8,11,19366.65,A,155078,34.14,2.572,214.4714512,6.299,No,2019,2,1,14918.89426958363
2019-02-05,8,13,28075.31,A,155078,34.14,2.572,214.4714512,6.299,No,2019,2,1,14918.89426958363
2019-02-05,9,1,12861.4,B,125833,38.01,2.572,214.6554591,6.415,No,2019,2,1,8531.491384383251
2019-02-05,8,97,16478.69,A,155078,34.14,2.572,214.4714512,6.299,No,2019,2,1,14918.89426958363
2019-02-05,6,41,1630.74,A,202505,40.43,2.572,212.6223518,7.259,No,2019,2,1,18281.02638381668
2019-02-05,5,23,7253.83,B,34875,39.7,2.572,211.6539716,6.566,No,2019,2,1,7230.272059479554
2019-02-05,6,42,8163.79,A,202505,40.43,2.572,212.6223518,7.259,No,2019,2,1,18281.02638381668
2019-02-05,6,44,8361.32,A,202505,40.43,2.572,212.6223518,7.259,No,2019,2,1,18281.02638381668
2019-02-05,6,45,24.62,A,202505,40.43,2.572,212.6223518,7.259,No,2019,2,1,18281.02638381668
2019-02-05,6,46,27470.39,A,202505,40.43,2.572,212.6223518,7.259,No,2019,2,1,18281.02638381668
2019-02-05,6,37,5165.01,A,202505,40.43,2.572,212.6223518,7.259,No,2019,2,1,18281.02638381668
2019-02-05,5,12,2138.59,B,34875,39.7,2.572,211.6539716,6.566,No,2019,2,1,7230.272059479554
2019-02-05,6,27,3115.0,A,202505,40.43,2.572,212.6223518,7.259,No,2019,2,1,18281.02638381668
2019-02-05,6,25,14733.0,A,202505,40.43,2.572,212.6223518,7.259,No,2019,2,1,18281.02638381668
2019-02-05,6,8,51620.42,A,202505,40.43,2.572,212.6223518,7.259,No,2019,2,1,18281.02638381668
2019-02-05,6,9,26716.19,A,202505,40.43,2.572,212.6223518,7.259,No,2019,2,1,18281.02638381668
2019-02-05,6,10,43843.57,A,202505,40.43,2.572,212.6223518,7.259,No,2019,2,1,18281.02638381668
2019-02-05,6,11,21103.95,A,202505,40.43,2.572,212.6223518,7.259,No,2019,2,1,18281.02638381668
2019-02-05,6,12,7150.11,A,202505,40.43,2.572,212.6223518,7.259,No,2019,2,1,18281.02638381668
2019-02-05,6,13,39860.7,A,202505,40.43,2.572,212.6223518,7.259,No,2019,2,1,18281.02638381668
2019-02-05,5,26,2054.31,B,34875,39.7,2.572,211.6539716,6.566,No,2019,2,1,7230.272059479554
2019-02-05,6,14,28269.16,A,202505,40.43,2.572,212.6223518,7.259,No,2019,2,1,18281.02638381668
2019-02-05,6,26,10668.54,A,202505,40.43,2.572,212.6223518,7.259,No,2019,2,1,18281.02638381668
2019-02-05,6,16,11819.17,A,202505,40.43,2.572,212.6223518,7.259,No,2019,2,1,18281.02638381668
2019-02-05,6,28,1190.89,A,202505,40.43,2.572,212.6223518,7.259,No,2019,2,1,18281.02638381668
2019-02-05,5,30,1176.26,B,34875,39.7,2.572,211.6539716,6.566,No,2019,2,1,7230.272059479554
2019-02-05,5,52,823.96,B,34875,39.7,2.572,211.6539716,6.566,No,2019,2,1,7230.272059479554
2019-02-05,5,54,65.0,B,34875,39.7,2.572,211.6539716,6.566,No,2019,2,1,7230.272059479554
2019-02-05,5,55,4477.5,B,34875,39.7,2.572,211.6539716,6.566,No,2019,2,1,7230.272059479554
2019-02-05,5,56,814.25,B,34875,39.7,2.572,211.6539716,6.566,No,2019,2,1,7230.272059479554
2019-02-05,5,58,860.0,B,34875,39.7,2.572,211.6539716,6.566,No,2019,2,1,7230.272059479554
2019-02-05,5,59,66.01,B,34875,39.7,2.572,211.6539716,6.566,No,2019,2,1,7230.272059479554
2019-02-05,5,44,917.45,B,34875,39.7,2.572,211.6539716,6.566,No,2019,2,1,7230.272059479554
2019-02-05,6,5,41607.89,A,202505,40.43,2.572,212.6223518,7.259,No,2019,2,1,18281.02638381668
2019-02-05,6,6,8301.2,A,202505,40.43,2.572,212.6223518,7.259,No,2019,2,1,18281.02638381668
2019-02-05,6,7,23567.81,A,202505,40.43,2.572,212.6223518,7.259,No,2019,2,1,18281.02638381668
2019-02-05,6,29,9397.08,A,202505,40.43,2.572,212.6223518,7.259,No,2019,2,1,18281.02638381668
2019-02-05,6,30,5952.4,A,202505,40.43,2.572,212.6223518,7.259,No,2019,2,1,18281.02638381668
2019-02-05,6,31,2662.0,A,202505,40.43,2.572,212.6223518,7.259,No,2019,2,1,18281.02638381668
2019-02-05,5,24,1520.0,B,34875,39.7,2.572,211.6539716,6.566,No,2019,2,1,7230.272059479554
2019-02-05,6,32,13871.9,A,202505,40.43,2.572,212.6223518,7.259,No,2019,2,1,18281.02638381668
2019-02-05,6,33,9161.01,A,202505,40.43,2.572,212.6223518,7.259,No,2019,2,1,18281.02638381668
2019-02-05,6,34,19745.03,A,202505,40.43,2.572,212.6223518,7.259,No,2019,2,1,18281.02638381668
2019-02-05,6,35,4091.0,A,202505,40.43,2.572,212.6223518,7.259,No,2019,2,1,18281.02638381668
2019-02-05,6,36,108.0,A,202505,40.43,2.572,212.6223518,7.259,No,2019,2,1,18281.02638381668
2019-02-05,8,98,6343.12,A,155078,34.14,2.572,214.4714512,6.299,No,2019,2,1,14918.89426958363
2019-02-05,6,18,5256.3,A,202505,40.43,2.572,212.6223518,7.259,No,2019,2,1,18281.02638381668
2019-02-05,6,20,9803.81,A,202505,40.43,2.572,212.6223518,7.259,No,2019,2,1,18281.02638381668
2019-02-05,9,22,5086.27,B,125833,38.01,2.572,214.6554591,6.415,No,2019,2,1,8531.491384383251
2019-02-05,4,97,38214.05,A,205863,43.76,2.598,126.4420645,8.623,No,2019,2,1,19838.3680016247
2019-02-05,9,23,9979.56,B,125833,38.01,2.572,214.6554591,6.415,No,2019,2,1,8531.491384383251
2019-02-05,9,7,11270.52,B,125833,38.01,2.572,214.6554591,6.415,No,2019,2,1,8531.491384383251
2019-02-05,9,6,2314.75,B,125833,38.01,2.572,214.6554591,6.415,No,2019,2,1,8531.491384383251
2019-02-05,9,5,20476.63,B,125833,38.01,2.572,214.6554591,6.415,No,2019,2,1,8531.491384383251
2019-02-05,9,4,17483.9,B,125833,38.01,2.572,214.6554591,6.415,No,2019,2,1,8531.491384383251
2019-02-05,8,81,11781.08,A,155078,34.14,2.572,214.4714512,6.299,No,2019,2,1,14918.89426958363
2019-02-05,8,82,16228.37,A,155078,34.14,2.572,214.4714512,6.299,No,2019,2,1,14918.89426958363
2019-02-05,8,83,2015.98,A,155078,34.14,2.572,214.4714512,6.299,No,2019,2,1,14918.89426958363
2019-02-05,8,85,2650.19,A,155078,34.14,2.572,214.4714512,6.299,No,2019,2,1,14918.89426958363
2019-02-05,8,87,18626.0,A,155078,34.14,2.572,214.4714512,6.299,No,2019,2,1,14918.89426958363
2019-02-05,5,2,11955.45,B,34875,39.7,2.572,211.6539716,6.566,No,2019,2,1,7230.272059479554
2019-02-05,8,90,40125.2,A,155078,34.14,2.572,214.4714512,6.299,No,2019,2,1,14918.89426958363
2019-02-05,8,91,33565.15,A,155078,34.14,2.572,214.4714512,6.299,No,2019,2,1,14918.89426958363
2019-02-05,9,24,2531.06,B,125833,38.01,2.572,214.6554591,6.415,No,2019,2,1,8531.491384383251
2019-02-05,8,92,62183.21,A,155078,34.14,2.572,214.4714512,6.299,No,2019,2,1,14918.89426958363
2019-02-05,8,94,23358.61,A,155078,34.14,2.572,214.4714512,6.299,No,2019,2,1,14918.89426958363
2019-02-05,8,95,60454.44,A,155078,34.14,2.572,214.4714512,6.299,No,2019,2,1,14918.89426958363
2019-02-05,9,21,4335.93,B,125833,38.01,2.572,214.6554591,6.415,No,2019,2,1,8531.491384383251
2019-02-05,6,19,3707.61,A,202505,40.43,2.572,212.6223518,7.259,No,2019,2,1,18281.02638381668
2019-02-05,9,20,2132.74,B,125833,38.01,2.572,214.6554591,6.415,No,2019,2,1,8531.491384383251
2019-02-05,9,18,3972.24,B,125833,38.01,2.572,214.6554591,6.415,No,2019,2,1,8531.491384383251
2019-02-05,6,21,11793.23,A,202505,40.43,2.572,212.6223518,7.259,No,2019,2,1,18281.02638381668
2019-02-05,6,22,23716.37,A,202505,40.43,2.572,212.6223518,7.259,No,2019,2,1,18281.02638381668
2019-02-05,6,23,29660.17,A,202505,40.43,2.572,212.6223518,7.259,No,2019,2,1,18281.02638381668
2019-02-05,5,25,2516.0,B,34875,39.7,2.572,211.6539716,6.566,No,2019,2,1,7230.272059479554
2019-02-05,6,24,8532.4,A,202505,40.43,2.572,212.6223518,7.259,No,2019,2,1,18281.02638381668
2019-02-05,6,17,20550.99,A,202505,40.43,2.572,212.6223518,7.259,No,2019,2,1,18281.02638381668
2019-02-05,9,8,21573.69,B,125833,38.01,2.572,214.6554591,6.415,No,2019,2,1,8531.491384383251
2019-02-05,9,9,7245.32,B,125833,38.01,2.572,214.6554591,6.415,No,2019,2,1,8531.491384383251
2019-02-05,9,10,11502.28,B,125833,38.01,2.572,214.6554591,6.415,No,2019,2,1,8531.491384383251
2019-02-05,9,11,12275.17,B,125833,38.01,2.572,214.6554591,6.415,No,2019,2,1,8531.491384383251
2019-02-05,9,12,5874.81,B,125833,38.01,2.572,214.6554591,6.415,No,2019,2,1,8531.491384383251
2019-02-05,4,98,12899.52,A,205863,43.76,2.598,126.4420645,8.623,No,2019,2,1,19838.3680016247
2019-02-05,9,13,24409.97,B,125833,38.01,2.572,214.6554591,6.415,No,2019,2,1,8531.491384383251
2019-02-05,9,14,7177.15,B,125833,38.01,2.572,214.6554591,6.415,No,2019,2,1,8531.491384383251
2019-02-05,9,16,3859.87,B,125833,38.01,2.572,214.6554591,6.415,No,2019,2,1,8531.491384383251
2019-02-05,9,17,4923.52,B,125833,38.01,2.572,214.6554591,6.415,No,2019,2,1,8531.491384383251
2019-02-05,9,19,1441.38,B,125833,38.01,2.572,214.6554591,6.415,No,2019,2,1,8531.491384383251
2019-02-05,8,16,2955.93,A,155078,34.14,2.572,214.4714512,6.299,No,2019,2,1,14918.89426958363
2019-02-05,8,17,9477.43,A,155078,34.14,2.572,214.4714512,6.299,No,2019,2,1,14918.89426958363
2019-02-05,3,51,7.74,B,37392,45.71,2.572,214.4248812,7.368,No,2019,2,1,5909.877946896037
2019-02-05,20,34,25206.5,A,203742,25.92,2.784,204.2471935,8.187,No,2019,2,1,18469.18785175322
2019-02-05,20,44,10130.02,A,203742,25.92,2.784,204.2471935,8.187,No,2019,2,1,18469.18785175322
2019-02-05,20,46,33577.09,A,203742,25.92,2.784,204.2471935,8.187,No,2019,2,1,18469.18785175322
2019-02-05,20,48,841.0,A,203742,25.92,2.784,204.2471935,8.187,No,2019,2,1,18469.18785175322
2019-02-05,20,49,23494.81,A,203742,25.92,2.784,204.2471935,8.187,No,2019,2,1,18469.18785175322
2019-02-05,3,47,10.0,B,37392,45.71,2.572,214.4248812,7.368,No,2019,2,1,5909.877946896037
2019-02-05,20,50,3720.0,A,203742,25.92,2.784,204.2471935,8.187,No,2019,2,1,18469.18785175322
2019-02-05,20,51,24.0,A,203742,25.92,2.784,204.2471935,8.187,No,2019,2,1,18469.18785175322
2019-02-05,20,52,2860.91,A,203742,25.92,2.784,204.2471935,8.187,No,2019,2,1,18469.18785175322
2019-02-05,20,54,551.0,A,203742,25.92,2.784,204.2471935,8.187,No,2019,2,1,18469.18785175322
2019-02-05,20,45,7.52,A,203742,25.92,2.784,204.2471935,8.187,No,2019,2,1,18469.18785175322
2019-02-05,19,93,36740.43,A,203819,20.96,2.954,131.5279032,8.35,No,2019,2,1,17082.8456727707
2019-02-05,19,91,70536.47,A,203819,20.96,2.954,131.5279032,8.35,No,2019,2,1,17082.8456727707
2019-02-05,19,10,24525.54,A,203819,20.96,2.954,131.5279032,8.35,No,2019,2,1,17082.8456727707
2019-02-05,19,11,21710.43,A,203819,20.96,2.954,131.5279032,8.35,No,2019,2,1,17082.8456727707
2019-02-05,19,12,5089.54,A,203819,20.96,2.954,131.5279032,8.35,No,2019,2,1,17082.8456727707
2019-02-05,19,13,38597.52,A,203819,20.96,2.954,131.5279032,8.35,No,2019,2,1,17082.8456727707
2019-02-05,20,42,7708.73,A,203742,25.92,2.784,204.2471935,8.187,No,2019,2,1,18469.18785175322
2019-02-05,19,14,17590.59,A,203819,20.96,2.954,131.5279032,8.35,No,2019,2,1,17082.8456727707
2019-02-05,20,41,1193.96,A,203742,25.92,2.784,204.2471935,8.187,No,2019,2,1,18469.18785175322
2019-02-05,3,52,884.73,B,37392,45.71,2.572,214.4248812,7.368,No,2019,2,1,5909.877946896037
2019-02-05,20,74,26726.1,A,203742,25.92,2.784,204.2471935,8.187,No,2019,2,1,18469.18785175322
2019-02-05,20,79,54130.89,A,203742,25.92,2.784,204.2471935,8.187,No,2019,2,1,18469.18785175322
2019-02-05,20,80,43867.45,A,203742,25.92,2.784,204.2471935,8.187,No,2019,2,1,18469.18785175322
2019-02-05,20,81,33205.52,A,203742,25.92,2.784,204.2471935,8.187,No,2019,2,1,18469.18785175322
2019-02-05,20,82,25584.17,A,203742,25.92,2.784,204.2471935,8.187,No,2019,2,1,18469.18785175322
2019-02-05,20,83,8439.65,A,203742,25.92,2.784,204.2471935,8.187,No,2019,2,1,18469.18785175322
2019-02-05,3,44,1771.82,B,37392,45.71,2.572,214.4248812,7.368,No,2019,2,1,5909.877946896037
2019-02-05,20,85,3733.18,A,203742,25.92,2.784,204.2471935,8.187,No,2019,2,1,18469.18785175322
2019-02-05,20,87,51422.64,A,203742,25.92,2.784,204.2471935,8.187,No,2019,2,1,18469.18785175322
2019-02-05,20,59,1587.89,A,203742,25.92,2.784,204.2471935,8.187,No,2019,2,1,18469.18785175322
2019-02-05,20,58,5320.0,A,203742,25.92,2.784,204.2471935,8.187,No,2019,2,1,18469.18785175322
2019-02-05,20,56,1890.5,A,203742,25.92,2.784,204.2471935,8.187,No,2019,2,1,18469.18785175322
2019-02-05,20,55,32362.95,A,203742,25.92,2.784,204.2471935,8.187,No,2019,2,1,18469.18785175322
2019-02-05,20,36,2559.5,A,203742,25.92,2.784,204.2471935,8.187,No,2019,2,1,18469.18785175322
2019-02-05,20,37,4890.13,A,203742,25.92,2.784,204.2471935,8.187,No,2019,2,1,18469.18785175322
2019-02-05,20,71,20512.14,A,203742,25.92,2.784,204.2471935,8.187,No,2019,2,1,18469.18785175322
2019-02-05,19,16,4929.87,A,203819,20.96,2.954,131.5279032,8.35,No,2019,2,1,17082.8456727707
2019-02-05,3,81,1159.71,B,37392,45.71,2.572,214.4248812,7.368,No,2019,2,1,5909.877946896037
2019-02-05,3,85,616.3,B,37392,45.71,2.572,214.4248812,7.368,No,2019,2,1,5909.877946896037
2019-02-05,18,97,4767.66,B,120653,21.33,2.788,131.5279032,9.202,No,2019,2,1,15597.17541281007
2019-02-05,19,1,21500.58,A,203819,20.96,2.954,131.5279032,8.35,No,2019,2,1,17082.8456727707
2019-02-05,19,2,52144.5,A,203819,20.96,2.954,131.5279032,8.35,No,2019,2,1,17082.8456727707
2019-02-05,19,3,18215.03,A,203819,20.96,2.954,131.5279032,8.35,No,2019,2,1,17082.8456727707
2019-02-05,19,4,31589.44,A,203819,20.96,2.954,131.5279032,8.35,No,2019,2,1,17082.8456727707
2019-02-05,19,5,36887.69,A,203819,20.96,2.954,131.5279032,8.35,No,2019,2,1,17082.8456727707
2019-02-05,19,6,6771.64,A,203819,20.96,2.954,131.5279032,8.35,No,2019,2,1,17082.8456727707
2019-02-05,18,95,61271.59,B,120653,21.33,2.788,131.5279032,9.202,No,2019,2,1,15597.17541281007
2019-02-05,19,28,1232.07,A,203819,20.96,2.954,131.5279032,8.35,No,2019,2,1,17082.8456727707
2019-02-05,19,29,7034.26,A,203819,20.96,2.954,131.5279032,8.35,No,2019,2,1,17082.8456727707
2019-02-05,19,30,5740.07,A,203819,20.96,2.954,131.5279032,8.35,No,2019,2,1,17082.8456727707
2019-02-05,19,56,1644.2,A,203819,20.96,2.954,131.5279032,8.35,No,2019,2,1,17082.8456727707
2019-02-05,19,58,5638.0,A,203819,20.96,2.954,131.5279032,8.35,No,2019,2,1,17082.8456727707
2019-02-05,19,59,1026.24,A,203819,20.96,2.954,131.5279032,8.35,No,2019,2,1,17082.8456727707
2019-02-05,19,60,783.2,A,203819,20.96,2.954,131.5279032,8.35,No,2019,2,1,17082.8456727707
2019-02-05,3,71,1636.73,B,37392,45.71,2.572,214.4248812,7.368,No,2019,2,1,5909.877946896037
2019-02-05,19,67,14243.49,A,203819,20.96,2.954,131.5279032,8.35,No,2019,2,1,17082.8456727707
2019-02-05,19,71,9935.22,A,203819,20.96,2.954,131.5279032,8.35,No,2019,2,1,17082.8456727707
2019-02-05,18,93,896.12,B,120653,21.33,2.788,131.5279032,9.202,No,2019,2,1,15597.17541281007
2019-02-05,19,17,20578.79,A,203819,20.96,2.954,131.5279032,8.35,No,2019,2,1,17082.8456727707
2019-02-05,3,79,8342.99,B,37392,45.71,2.572,214.4248812,7.368,No,2019,2,1,5909.877946896037
2019-02-05,18,91,11254.61,B,120653,21.33,2.788,131.5279032,9.202,No,2019,2,1,15597.17541281007
2019-02-05,19,18,3953.7,A,203819,20.96,2.954,131.5279032,8.35,No,2019,2,1,17082.8456727707
2019-02-05,19,20,6261.35,A,203819,20.96,2.954,131.5279032,8.35,No,2019,2,1,17082.8456727707
2019-02-05,19,21,7638.42,A,203819,20.96,2.954,131.5279032,8.35,No,2019,2,1,17082.8456727707
2019-02-05,19,22,12478.0,A,203819,20.96,2.954,131.5279032,8.35,No,2019,2,1,17082.8456727707
2019-02-05,19,23,25160.36,A,203819,20.96,2.954,131.5279032,8.35,No,2019,2,1,17082.8456727707
2019-02-05,19,24,6099.86,A,203819,20.96,2.954,131.5279032,8.35,No,2019,2,1,17082.8456727707
2019-02-05,19,25,10577.7,A,203819,20.96,2.954,131.5279032,8.35,No,2019,2,1,17082.8456727707
2019-02-05,19,26,7043.39,A,203819,20.96,2.954,131.5279032,8.35,No,2019,2,1,17082.8456727707
2019-02-05,19,27,3303.98,A,203819,20.96,2.954,131.5279032,8.35,No,2019,2,1,17082.8456727707
2019-02-05,19,9,12355.07,A,203819,20.96,2.954,131.5279032,8.35,No,2019,2,1,17082.8456727707
2019-02-05,19,8,48449.43,A,203819,20.96,2.954,131.5279032,8.35,No,2019,2,1,17082.8456727707
2019-02-05,3,82,5949.29,B,37392,45.71,2.572,214.4248812,7.368,No,2019,2,1,5909.877946896037
2019-02-05,19,7,22299.98,A,203819,20.96,2.954,131.5279032,8.35,No,2019,2,1,17082.8456727707
2019-02-05,18,82,12587.97,B,120653,21.33,2.788,131.5279032,9.202,No,2019,2,1,15597.17541281007
2019-02-05,3,87,1768.81,B,37392,45.71,2.572,214.4248812,7.368,No,2019,2,1,5909.877946896037
2019-02-05,18,83,410.0,B,120653,21.33,2.788,131.5279032,9.202,No,2019,2,1,15597.17541281007
2019-02-05,18,85,1568.18,B,120653,21.33,2.788,131.5279032,9.202,No,2019,2,1,15597.17541281007
2019-02-05,18,87,17844.39,B,120653,21.33,2.788,131.5279032,9.202,No,2019,2,1,15597.17541281007
2019-02-05,18,90,18411.76,B,120653,21.33,2.788,131.5279032,9.202,No,2019,2,1,15597.17541281007
2019-02-05,18,92,50069.98,B,120653,21.33,2.788,131.5279032,9.202,No,2019,2,1,15597.17541281007
2019-02-05,20,67,19251.67,A,203742,25.92,2.784,204.2471935,8.187,No,2019,2,1,18469.18785175322
2019-02-05,3,45,4.5,B,37392,45.71,2.572,214.4248812,7.368,No,2019,2,1,5909.877946896037
2019-02-05,3,46,6504.28,B,37392,45.71,2.572,214.4248812,7.368,No,2019,2,1,5909.877946896037
2019-02-05,8,19,1802.07,A,155078,34.14,2.572,214.4714512,6.299,No,2019,2,1,14918.89426958363
2019-02-05,8,20,3816.23,A,155078,34.14,2.572,214.4714512,6.299,No,2019,2,1,14918.89426958363
2019-02-05,5,7,4401.08,B,34875,39.7,2.572,211.6539716,6.566,No,2019,2,1,7230.272059479554
2019-02-05,8,21,7032.86,A,155078,34.14,2.572,214.4714512,6.299,No,2019,2,1,14918.89426958363
2019-02-05,8,22,8981.78,A,155078,34.14,2.572,214.4714512,6.299,No,2019,2,1,14918.89426958363
2019-02-05,8,23,15034.2,A,155078,34.14,2.572,214.4714512,6.299,No,2019,2,1,14918.89426958363
2019-02-05,8,24,5820.6,A,155078,34.14,2.572,214.4714512,6.299,No,2019,2,1,14918.89426958363
2019-02-05,8,25,7260.0,A,155078,34.14,2.572,214.4714512,6.299,No,2019,2,1,14918.89426958363
2019-02-05,8,36,185.5,A,155078,34.14,2.572,214.4714512,6.299,No,2019,2,1,14918.89426958363
2019-02-05,8,26,8507.05,A,155078,34.14,2.572,214.4714512,6.299,No,2019,2,1,14918.89426958363
2019-02-05,8,28,619.36,A,155078,34.14,2.572,214.4714512,6.299,No,2019,2,1,14918.89426958363
2019-02-05,5,6,1373.45,B,34875,39.7,2.572,211.6539716,6.566,No,2019,2,1,7230.272059479554
2019-02-05,8,29,4206.56,A,155078,34.14,2.572,214.4714512,6.299,No,2019,2,1,14918.89426958363
2019-02-05,8,30,3280.5,A,155078,34.14,2.572,214.4714512,6.299,No,2019,2,1,14918.89426958363
2019-02-05,8,31,2136.18,A,155078,34.14,2.572,214.4714512,6.299,No,2019,2,1,14918.89426958363
2019-02-05,8,32,8699.85,A,155078,34.14,2.572,214.4714512,6.299,No,2019,2,1,14918.89426958363
2019-02-05,8,33,6589.92,A,155078,34.14,2.572,214.4714512,6.299,No,2019,2,1,14918.89426958363
2019-02-05,8,34,12029.75,A,155078,34.14,2.572,214.4714512,6.299,No,2019,2,1,14918.89426958363
2019-02-05,8,27,1605.0,A,155078,34.14,2.572,214.4714512,6.299,No,2019,2,1,14918.89426958363
2019-02-05,8,35,2066.0,A,155078,34.14,2.572,214.4714512,6.299,No,2019,2,1,14918.89426958363
2019-02-05,42,95,54116.37,C,39690,54.34,2.962,126.4420645,9.765,No,2019,2,1,1757.626174684727
2019-02-05,8,37,3860.38,A,155078,34.14,2.572,214.4714512,6.299,No,2019,2,1,14918.89426958363
2019-02-05,8,54,74.97,A,155078,34.14,2.572,214.4714512,6.299,No,2019,2,1,14918.89426958363
2019-02-05,8,18,5982.0,A,155078,34.14,2.572,214.4714512,6.299,No,2019,2,1,14918.89426958363
2019-02-05,8,38,58048.83,A,155078,34.14,2.572,214.4714512,6.299,No,2019,2,1,14918.89426958363
2019-02-05,8,40,44475.69,A,155078,34.14,2.572,214.4714512,6.299,No,2019,2,1,14918.89426958363
2019-02-05,8,41,431.0,A,155078,34.14,2.572,214.4714512,6.299,No,2019,2,1,14918.89426958363
2019-02-05,8,42,5237.93,A,155078,34.14,2.572,214.4714512,6.299,No,2019,2,1,14918.89426958363
2019-02-05,8,44,3899.6,A,155078,34.14,2.572,214.4714512,6.299,No,2019,2,1,14918.89426958363
2019-02-05,8,46,18015.38,A,155078,34.14,2.572,214.4714512,6.299,No,2019,2,1,14918.89426958363
2019-02-05,8,49,4222.67,A,155078,34.14,2.572,214.4714512,6.299,No,2019,2,1,14918.89426958363
2019-02-05,8,52,2702.42,A,155078,34.14,2.572,214.4714512,6.299,No,2019,2,1,14918.89426958363
2019-02-05,5,5,10934.88,B,34875,39.7,2.572,211.6539716,6.566,No,2019,2,1,7230.272059479554
2019-02-05,5,4,9282.86,B,34875,39.7,2.572,211.6539716,6.566,No,2019,2,1,7230.272059479554
2019-02-05,8,55,10919.58,A,155078,34.14,2.572,214.4714512,6.299,No,2019,2,1,14918.89426958363
2019-02-05,8,56,1251.85,A,155078,34.14,2.572,214.4714512,6.299,No,2019,2,1,14918.89426958363
2019-02-05,8,58,7563.0,A,155078,34.14,2.572,214.4714512,6.299,No,2019,2,1,14918.89426958363
2019-02-05,8,59,825.76,A,155078,34.14,2.572,214.4714512,6.299,No,2019,2,1,14918.89426958363
2019-02-05,8,60,369.6,A,155078,34.14,2.572,214.4714512,6.299,No,2019,2,1,14918.89426958363
2019-02-05,8,67,5711.31,A,155078,34.14,2.572,214.4714512,6.299,No,2019,2,1,14918.89426958363
2019-02-05,8,71,5304.07,A,155078,34.14,2.572,214.4714512,6.299,No,2019,2,1,14918.89426958363
2019-02-05,8,74,9385.42,A,155078,34.14,2.572,214.4714512,6.299,No,2019,2,1,14918.89426958363
2019-02-05,14,20,13731.35,A,200898,27.31,2.784,181.8711898,8.992,No,2019,2,1,19956.04368865647
2019-02-05,14,21,10816.16,A,200898,27.31,2.784,181.8711898,8.992,No,2019,2,1,19956.04368865647
2019-02-05,20,17,22464.57,A,203742,25.92,2.784,204.2471935,8.187,No,2019,2,1,18469.18785175322
2019-02-05,19,98,14149.07,A,203819,20.96,2.954,131.5279032,8.35,No,2019,2,1,17082.8456727707
2019-02-05,20,1,46021.21,A,203742,25.92,2.784,204.2471935,8.187,No,2019,2,1,18469.18785175322
2019-02-05,20,3,15933.49,A,203742,25.92,2.784,204.2471935,8.187,No,2019,2,1,18469.18785175322
2019-02-05,20,32,18245.49,A,203742,25.92,2.784,204.2471935,8.187,No,2019,2,1,18469.18785175322
2019-02-05,20,4,56524.58,A,203742,25.92,2.784,204.2471935,8.187,No,2019,2,1,18469.18785175322
2019-02-05,20,5,56536.02,A,203742,25.92,2.784,204.2471935,8.187,No,2019,2,1,18469.18785175322
2019-02-05,20,6,8940.41,A,203742,25.92,2.784,204.2471935,8.187,No,2019,2,1,18469.18785175322
2019-02-05,20,7,33042.19,A,203742,25.92,2.784,204.2471935,8.187,No,2019,2,1,18469.18785175322
2019-02-05,20,9,18259.07,A,203742,25.92,2.784,204.2471935,8.187,No,2019,2,1,18469.18785175322
2019-02-05,20,10,45073.66,A,203742,25.92,2.784,204.2471935,8.187,No,2019,2,1,18469.18785175322
2019-02-05,20,11,33693.8,A,203742,25.92,2.784,204.2471935,8.187,No,2019,2,1,18469.18785175322
2019-02-05,20,12,6527.56,A,203742,25.92,2.784,204.2471935,8.187,No,2019,2,1,18469.18785175322
2019-02-05,3,59,321.02,B,37392,45.71,2.572,214.4248812,7.368,No,2019,2,1,5909.877946896037
2019-02-05,19,94,39778.67,A,203819,20.96,2.954,131.5279032,8.35,No,2019,2,1,17082.8456727707
2019-02-05,20,33,12349.27,A,203742,25.92,2.784,204.2471935,8.187,No,2019,2,1,18469.18785175322
2019-02-05,20,35,4667.0,A,203742,25.92,2.784,204.2471935,8.187,No,2019,2,1,18469.18785175322
2019-02-05,20,60,572.0,A,203742,25.92,2.784,204.2471935,8.187,No,2019,2,1,18469.18785175322
2019-02-05,19,97,20898.53,A,203819,20.96,2.954,131.5279032,8.35,No,2019,2,1,17082.8456727707
2019-02-05,19,96,13998.8,A,203819,20.96,2.954,131.5279032,8.35,No,2019,2,1,17082.8456727707
2019-02-05,3,60,132.0,B,37392,45.71,2.572,214.4248812,7.368,No,2019,2,1,5909.877946896037
2019-02-05,20,18,9045.4,A,203742,25.92,2.784,204.2471935,8.187,No,2019,2,1,18469.18785175322
2019-02-05,20,19,59.0,A,203742,25.92,2.784,204.2471935,8.187,No,2019,2,1,18469.18785175322
2019-02-05,20,20,8419.85,A,203742,25.92,2.784,204.2471935,8.187,No,2019,2,1,18469.18785175322
2019-02-05,20,21,16995.18,A,203742,25.92,2.784,204.2471935,8.187,No,2019,2,1,18469.18785175322
2019-02-05,20,22,17597.83,A,203742,25.92,2.784,204.2471935,8.187,No,2019,2,1,18469.18785175322
2019-02-05,20,23,33712.17,A,203742,25.92,2.784,204.2471935,8.187,No,2019,2,1,18469.18785175322
2019-02-05,3,55,9326.41,B,37392,45.71,2.572,214.4248812,7.368,No,2019,2,1,5909.877946896037
2019-02-05,20,24,10496.98,A,203742,25.92,2.784,204.2471935,8.187,No,2019,2,1,18469.18785175322
2019-02-05,20,25,17435.07,A,203742,25.92,2.784,204.2471935,8.187,No,2019,2,1,18469.18785175322
2019-02-05,5,46,4515.46,B,34875,39.7,2.572,211.6539716,6.566,No,2019,2,1,7230.272059479554
2019-02-05,20,26,16856.28,A,203742,25.92,2.784,204.2471935,8.187,No,2019,2,1,18469.18785175322
2019-02-05,20,28,1058.36,A,203742,25.92,2.784,204.2471935,8.187,No,2019,2,1,18469.18785175322
2019-02-05,20,29,10209.0,A,203742,25.92,2.784,204.2471935,8.187,No,2019,2,1,18469.18785175322
2019-02-05,20,30,9488.37,A,203742,25.92,2.784,204.2471935,8.187,No,2019,2,1,18469.18785175322
2019-02-05,3,54,133.0,B,37392,45.71,2.572,214.4248812,7.368,No,2019,2,1,5909.877946896037
2019-02-05,20,31,3769.12,A,203742,25.92,2.784,204.2471935,8.187,No,2019,2,1,18469.18785175322
2019-02-05,20,16,6485.21,A,203742,25.92,2.784,204.2471935,8.187,No,2019,2,1,18469.18785175322
2019-02-05,20,14,31194.85,A,203742,25.92,2.784,204.2471935,8.187,No,2019,2,1,18469.18785175322
2019-02-05,20,13,69111.88,A,203742,25.92,2.784,204.2471935,8.187,No,2019,2,1,18469.18785175322
2019-02-05,3,56,783.32,B,37392,45.71,2.572,214.4248812,7.368,No,2019,2,1,5909.877946896037
2019-02-05,20,27,4229.18,A,203742,25.92,2.784,204.2471935,8.187,No,2019,2,1,18469.18785175322
2019-02-05,5,42,2501.96,B,34875,39.7,2.572,211.6539716,6.566,No,2019,2,1,7230.272059479554
2019-02-05,5,27,435.5,B,34875,39.7,2.572,211.6539716,6.566,No,2019,2,1,7230.272059479554
2019-02-05,5,41,259.0,B,34875,39.7,2.572,211.6539716,6.566,No,2019,2,1,7230.272059479554
2019-02-05,13,35,3521.0,A,219622,31.53,2.666,126.4420645,8.316,No,2019,2,1,20379.64468067227
2019-02-05,13,28,1871.32,A,219622,31.53,2.666,126.4420645,8.316,No,2019,2,1,20379.64468067227
2019-02-05,13,19,3893.71,A,219622,31.53,2.666,126.4420645,8.316,No,2019,2,1,20379.64468067227
2019-02-05,13,60,985.6,A,219622,31.53,2.666,126.4420645,8.316,No,2019,2,1,20379.64468067227
2019-02-05,13,71,16990.6,A,219622,31.53,2.666,126.4420645,8.316,No,2019,2,1,20379.64468067227
2019-02-05,4,33,12645.74,A,205863,43.76,2.598,126.4420645,8.623,No,2019,2,1,19838.3680016247
2019-02-05,14,3,18487.9,A,200898,27.31,2.784,181.8711898,8.992,No,2019,2,1,19956.04368865647
2019-02-05,14,4,66912.92,A,200898,27.31,2.784,181.8711898,8.992,No,2019,2,1,19956.04368865647
2019-02-05,14,5,48040.92,A,200898,27.31,2.784,181.8711898,8.992,No,2019,2,1,19956.04368865647
2019-02-05,14,6,8992.23,A,200898,27.31,2.784,181.8711898,8.992,No,2019,2,1,19956.04368865647
2019-02-05,14,7,34413.92,A,200898,27.31,2.784,181.8711898,8.992,No,2019,2,1,19956.04368865647
2019-02-05,14,8,70627.96,A,200898,27.31,2.784,181.8711898,8.992,No,2019,2,1,19956.04368865647
2019-02-05,14,9,12532.12,A,200898,27.31,2.784,181.8711898,8.992,No,2019,2,1,19956.04368865647
2019-02-05,14,10,22663.72,A,200898,27.31,2.784,181.8711898,8.992,No,2019,2,1,19956.04368865647
2019-02-05,4,32,17841.91,A,205863,43.76,2.598,126.4420645,8.623,No,2019,2,1,19838.3680016247
2019-02-05,14,11,26324.34,A,200898,27.31,2.784,181.8711898,8.992,No,2019,2,1,19956.04368865647
2019-02-05,14,12,5567.75,A,200898,27.31,2.784,181.8711898,8.992,No,2019,2,1,19956.04368865647
2019-02-05,13,34,18465.89,A,219622,31.53,2.666,126.4420645,8.316,No,2019,2,1,20379.64468067227
2019-02-05,14,14,30831.81,A,200898,27.31,2.784,181.8711898,8.992,No,2019,2,1,19956.04368865647
2019-02-05,13,33,9995.88,A,219622,31.53,2.666,126.4420645,8.316,No,2019,2,1,20379.64468067227
2019-02-05,13,31,2640.46,A,219622,31.53,2.666,126.4420645,8.316,No,2019,2,1,20379.64468067227
2019-02-05,4,36,578.0,A,205863,43.76,2.598,126.4420645,8.623,No,2019,2,1,19838.3680016247
2019-02-05,13,56,1871.94,A,219622,31.53,2.666,126.4420645,8.316,No,2019,2,1,20379.64468067227
2019-02-05,13,58,9555.0,A,219622,31.53,2.666,126.4420645,8.316,No,2019,2,1,20379.64468067227
2019-02-05,13,37,4268.61,A,219622,31.53,2.666,126.4420645,8.316,No,2019,2,1,20379.64468067227
2019-02-05,13,36,1247.5,A,219622,31.53,2.666,126.4420645,8.316,No,2019,2,1,20379.64468067227
2019-02-05,13,20,12450.8,A,219622,31.53,2.666,126.4420645,8.316,No,2019,2,1,20379.64468067227
2019-02-05,13,21,8295.62,A,219622,31.53,2.666,126.4420645,8.316,No,2019,2,1,20379.64468067227
2019-02-05,13,22,20608.32,A,219622,31.53,2.666,126.4420645,8.316,No,2019,2,1,20379.64468067227
2019-02-05,13,23,25027.07,A,219622,31.53,2.666,126.4420645,8.316,No,2019,2,1,20379.64468067227
2019-02-05,13,24,9035.84,A,219622,31.53,2.666,126.4420645,8.316,No,2019,2,1,20379.64468067227
2019-02-05,13,25,9751.48,A,219622,31.53,2.666,126.4420645,8.316,No,2019,2,1,20379.64468067227
2019-02-05,13,26,13248.53,A,219622,31.53,2.666,126.4420645,8.316,No,2019,2,1,20379.64468067227
2019-02-05,13,59,1472.5,A,219622,31.53,2.666,126.4420645,8.316,No,2019,2,1,20379.64468067227
2019-02-05,13,27,3309.0,A,219622,31.53,2.666,126.4420645,8.316,No,2019,2,1,20379.64468067227
2019-02-05,13,29,6225.26,A,219622,31.53,2.666,126.4420645,8.316,No,2019,2,1,20379.64468067227
2019-02-05,13,30,4762.5,A,219622,31.53,2.666,126.4420645,8.316,No,2019,2,1,20379.64468067227
2019-02-05,13,32,9837.84,A,219622,31.53,2.666,126.4420645,8.316,No,2019,2,1,20379.64468067227
2019-02-05,13,55,23069.69,A,219622,31.53,2.666,126.4420645,8.316,No,2019,2,1,20379.64468067227
2019-02-05,14,16,10433.45,A,200898,27.31,2.784,181.8711898,8.992,No,2019,2,1,19956.04368865647
2019-02-05,14,18,7722.89,A,200898,27.31,2.784,181.8711898,8.992,No,2019,2,1,19956.04368865647
2019-02-05,13,18,7199.22,A,219622,31.53,2.666,126.4420645,8.316,No,2019,2,1,20379.64468067227
2019-02-05,4,41,401.94,A,205863,43.76,2.598,126.4420645,8.623,No,2019,2,1,19838.3680016247
2019-02-05,13,17,22419.66,A,219622,31.53,2.666,126.4420645,8.316,No,2019,2,1,20379.64468067227
2019-02-05,4,49,6575.58,A,205863,43.76,2.598,126.4420645,8.623,No,2019,2,1,19838.3680016247
2019-02-05,13,87,13482.46,A,219622,31.53,2.666,126.4420645,8.316,No,2019,2,1,20379.64468067227
2019-02-05,14,17,30625.69,A,200898,27.31,2.784,181.8711898,8.992,No,2019,2,1,19956.04368865647
2019-02-05,13,96,7508.13,A,219622,31.53,2.666,126.4420645,8.316,No,2019,2,1,20379.64468067227
2019-02-05,13,94,70677.59,A,219622,31.53,2.666,126.4420645,8.316,No,2019,2,1,20379.64468067227
2019-02-05,14,1,32842.31,A,200898,27.31,2.784,181.8711898,8.992,No,2019,2,1,19956.04368865647
2019-02-05,13,98,15204.21,A,219622,31.53,2.666,126.4420645,8.316,No,2019,2,1,20379.64468067227
2019-02-05,13,97,24823.33,A,219622,31.53,2.666,126.4420645,8.316,No,2019,2,1,20379.64468067227
2019-02-05,13,74,31533.3,A,219622,31.53,2.666,126.4420645,8.316,No,2019,2,1,20379.64468067227
2019-02-05,4,35,4335.0,A,205863,43.76,2.598,126.4420645,8.623,No,2019,2,1,19838.3680016247
2019-02-05,13,79,67129.45,A,219622,31.53,2.666,126.4420645,8.316,No,2019,2,1,20379.64468067227
2019-02-05,13,80,18369.14,A,219622,31.53,2.666,126.4420645,8.316,No,2019,2,1,20379.64468067227
2019-02-05,13,81,32015.72,A,219622,31.53,2.666,126.4420645,8.316,No,2019,2,1,20379.64468067227
2019-02-05,13,82,23472.62,A,219622,31.53,2.666,126.4420645,8.316,No,2019,2,1,20379.64468067227
2019-02-05,13,83,6138.28,A,219622,31.53,2.666,126.4420645,8.316,No,2019,2,1,20379.64468067227
2019-02-05,13,67,17646.3,A,219622,31.53,2.666,126.4420645,8.316,No,2019,2,1,20379.64468067227
2019-02-05,13,85,5020.32,A,219622,31.53,2.666,126.4420645,8.316,No,2019,2,1,20379.64468067227
2019-02-05,4,34,27682.5,A,205863,43.76,2.598,126.4420645,8.623,No,2019,2,1,19838.3680016247
2019-02-05,13,93,43732.99,A,219622,31.53,2.666,126.4420645,8.316,No,2019,2,1,20379.64468067227
2019-02-05,13,54,35.0,A,219622,31.53,2.666,126.4420645,8.316,No,2019,2,1,20379.64468067227
2019-02-05,13,52,6169.63,A,219622,31.53,2.666,126.4420645,8.316,No,2019,2,1,20379.64468067227
2019-02-05,13,51,31.58,A,219622,31.53,2.666,126.4420645,8.316,No,2019,2,1,20379.64468067227
2019-02-05,10,14,55033.94,B,126512,54.34,2.962,126.4420645,9.765,No,2019,2,1,18135.45781053459
2019-02-05,10,16,25694.43,B,126512,54.34,2.962,126.4420645,9.765,No,2019,2,1,18135.45781053459
2019-02-05,10,17,36872.18,B,126512,54.34,2.962,126.4420645,9.765,No,2019,2,1,18135.45781053459
2019-02-05,10,18,8912.27,B,126512,54.34,2.962,126.4420645,9.765,No,2019,2,1,18135.45781053459
2019-02-05,10,19,4046.34,B,126512,54.34,2.962,126.4420645,9.765,No,2019,2,1,18135.45781053459
2019-02-05,10,20,19068.21,B,126512,54.34,2.962,126.4420645,9.765,No,2019,2,1,18135.45781053459
2019-02-05,10,12,10365.86,B,126512,54.34,2.962,126.4420645,9.765,No,2019,2,1,18135.45781053459
2019-02-05,10,42,11380.98,B,126512,54.34,2.962,126.4420645,9.765,No,2019,2,1,18135.45781053459
2019-02-05,10,44,11009.21,B,126512,54.34,2.962,126.4420645,9.765,No,2019,2,1,18135.45781053459
2019-02-05,10,45,59.7,B,126512,54.34,2.962,126.4420645,9.765,No,2019,2,1,18135.45781053459
2019-02-05,10,82,21143.88,B,126512,54.34,2.962,126.4420645,9.765,No,2019,2,1,18135.45781053459
2019-02-05,4,81,29863.11,A,205863,43.76,2.598,126.4420645,8.623,No,2019,2,1,19838.3680016247
2019-02-05,10,83,231.78,B,126512,54.34,2.962,126.4420645,9.765,No,2019,2,1,18135.45781053459
2019-02-05,10,85,3150.38,B,126512,54.34,2.962,126.4420645,9.765,No,2019,2,1,18135.45781053459
2019-02-05,10,87,26394.89,B,126512,54.34,2.962,126.4420645,9.765,No,2019,2,1,18135.45781053459
2019-02-05,10,90,16873.5,B,126512,54.34,2.962,126.4420645,9.765,No,2019,2,1,18135.45781053459
2019-02-05,10,91,16363.1,B,126512,54.34,2.962,126.4420645,9.765,No,2019,2,1,18135.45781053459
2019-02-05,10,11,36705.57,B,126512,54.34,2.962,126.4420645,9.765,No,2019,2,1,18135.45781053459
2019-02-05,10,92,54538.9,B,126512,54.34,2.962,126.4420645,9.765,No,2019,2,1,18135.45781053459
2019-02-05,10,41,4511.33,B,126512,54.34,2.962,126.4420645,9.765,No,2019,2,1,18135.45781053459
2019-02-05,10,10,48027.87,B,126512,54.34,2.962,126.4420645,9.765,No,2019,2,1,18135.45781053459
2019-02-05,10,32,26116.73,B,126512,54.34,2.962,126.4420645,9.765,No,2019,2,1,18135.45781053459
2019-02-05,10,33,18190.33,B,126512,54.34,2.962,126.4420645,9.765,No,2019,2,1,18135.45781053459
2019-02-05,10,34,50585.42,B,126512,54.34,2.962,126.4420645,9.765,No,2019,2,1,18135.45781053459
2019-02-05,10,35,7586.0,B,126512,54.34,2.962,126.4420645,9.765,No,2019,2,1,18135.45781053459
2019-02-05,10,36,1819.0,B,126512,54.34,2.962,126.4420645,9.765,No,2019,2,1,18135.45781053459
2019-02-05,10,37,4697.28,B,126512,54.34,2.962,126.4420645,9.765,No,2019,2,1,18135.45781053459
2019-02-05,4,85,3181.36,A,205863,43.76,2.598,126.4420645,8.623,No,2019,2,1,19838.3680016247
2019-02-05,10,24,16620.73,B,126512,54.34,2.962,126.4420645,9.765,No,2019,2,1,18135.45781053459
2019-02-05,10,23,66322.9,B,126512,54.34,2.962,126.4420645,9.765,No,2019,2,1,18135.45781053459
2019-02-05,10,22,35551.72,B,126512,54.34,2.962,126.4420645,9.765,No,2019,2,1,18135.45781053459
2019-02-05,10,21,12250.22,B,126512,54.34,2.962,126.4420645,9.765,No,2019,2,1,18135.45781053459
2019-02-05,10,4,51885.86,B,126512,54.34,2.962,126.4420645,9.765,No,2019,2,1,18135.45781053459
2019-02-05,10,6,14833.87,B,126512,54.34,2.962,126.4420645,9.765,No,2019,2,1,18135.45781053459
2019-02-05,10,7,52212.32,B,126512,54.34,2.962,126.4420645,9.765,No,2019,2,1,18135.45781053459
2019-02-05,10,9,58124.72,B,126512,54.34,2.962,126.4420645,9.765,No,2019,2,1,18135.45781053459
2019-02-05,10,81,11343.0,B,126512,54.34,2.962,126.4420645,9.765,No,2019,2,1,18135.45781053459
2019-02-05,10,93,1337.33,B,126512,54.34,2.962,126.4420645,9.765,No,2019,2,1,18135.45781053459
2019-02-05,4,80,16852.33,A,205863,43.76,2.598,126.4420645,8.623,No,2019,2,1,19838.3680016247
2019-02-05,10,60,563.2,B,126512,54.34,2.962,126.4420645,9.765,No,2019,2,1,18135.45781053459
2019-02-05,10,67,15743.73,B,126512,54.34,2.962,126.4420645,9.765,No,2019,2,1,18135.45781053459
2019-02-05,10,71,26617.72,B,126512,54.34,2.962,126.4420645,9.765,No,2019,2,1,18135.45781053459
2019-02-05,10,74,56702.8,B,126512,54.34,2.962,126.4420645,9.765,No,2019,2,1,18135.45781053459
2019-02-05,10,56,1780.65,B,126512,54.34,2.962,126.4420645,9.765,No,2019,2,1,18135.45781053459
2019-02-05,10,3,30175.46,B,126512,54.34,2.962,126.4420645,9.765,No,2019,2,1,18135.45781053459
2019-02-05,13,41,732.9,A,219622,31.53,2.666,126.4420645,8.316,No,2019,2,1,20379.64468067227
2019-02-05,13,42,7636.46,A,219622,31.53,2.666,126.4420645,8.316,No,2019,2,1,20379.64468067227
2019-02-05,13,44,11263.12,A,219622,31.53,2.666,126.4420645,8.316,No,2019,2,1,20379.64468067227
2019-02-05,13,45,35.32,A,219622,31.53,2.666,126.4420645,8.316,No,2019,2,1,20379.64468067227
2019-02-05,4,37,5141.83,A,205863,43.76,2.598,126.4420645,8.623,No,2019,2,1,19838.3680016247
2019-02-05,13,46,37571.1,A,219622,31.53,2.666,126.4420645,8.316,No,2019,2,1,20379.64468067227
2019-02-05,13,47,70.0,A,219622,31.53,2.666,126.4420645,8.316,No,2019,2,1,20379.64468067227
2019-02-05,13,48,925.0,A,219622,31.53,2.666,126.4420645,8.316,No,2019,2,1,20379.64468067227
2019-02-05,13,49,9688.61,A,219622,31.53,2.666,126.4420645,8.316,No,2019,2,1,20379.64468067227
2019-02-05,13,50,2945.0,A,219622,31.53,2.666,126.4420645,8.316,No,2019,2,1,20379.64468067227
2019-02-05,4,82,21984.06,A,205863,43.76,2.598,126.4420645,8.623,No,2019,2,1,19838.3680016247
2019-02-05,10,59,2601.42,B,126512,54.34,2.962,126.4420645,9.765,No,2019,2,1,18135.45781053459
2019-02-05,10,58,2356.0,B,126512,54.34,2.962,126.4420645,9.765,No,2019,2,1,18135.45781053459
2019-02-05,10,55,26155.76,B,126512,54.34,2.962,126.4420645,9.765,No,2019,2,1,18135.45781053459
2019-02-05,10,96,10576.0,B,126512,54.34,2.962,126.4420645,9.765,No,2019,2,1,18135.45781053459
2019-02-05,10,97,6242.07,B,126512,54.34,2.962,126.4420645,9.765,No,2019,2,1,18135.45781053459
2019-02-05,10,98,74.0,B,126512,54.34,2.962,126.4420645,9.765,No,2019,2,1,18135.45781053459
2019-02-05,11,1,19611.13,A,207499,46.04,2.572,214.4248812,7.368,No,2019,2,1,17233.92715171408
2019-02-05,11,2,60722.98,A,207499,46.04,2.572,214.4248812,7.368,No,2019,2,1,17233.92715171408
2019-02-05,11,3,17951.49,A,207499,46.04,2.572,214.4248812,7.368,No,2019,2,1,17233.92715171408
2019-02-05,10,94,22.15,B,126512,54.34,2.962,126.4420645,9.765,No,2019,2,1,18135.45781053459
2019-02-05,10,80,59.76,B,126512,54.34,2.962,126.4420645,9.765,No,2019,2,1,18135.45781053459
2019-02-05,10,46,55328.2,B,126512,54.34,2.962,126.4420645,9.765,No,2019,2,1,18135.45781053459
2019-02-05,10,48,2941.0,B,126512,54.34,2.962,126.4420645,9.765,No,2019,2,1,18135.45781053459
2019-02-05,10,49,23493.11,B,126512,54.34,2.962,126.4420645,9.765,No,2019,2,1,18135.45781053459
2019-02-05,4,83,9654.0,A,205863,43.76,2.598,126.4420645,8.623,No,2019,2,1,19838.3680016247
2019-02-05,10,50,2350.0,B,126512,54.34,2.962,126.4420645,9.765,No,2019,2,1,18135.45781053459
2019-02-05,10,51,110.44,B,126512,54.34,2.962,126.4420645,9.765,No,2019,2,1,18135.45781053459
2019-02-05,10,52,7043.26,B,126512,54.34,2.962,126.4420645,9.765,No,2019,2,1,18135.45781053459
2019-02-05,10,54,893.0,B,126512,54.34,2.962,126.4420645,9.765,No,2019,2,1,18135.45781053459
2019-02-05,10,79,52545.04,B,126512,54.34,2.962,126.4420645,9.765,No,2019,2,1,18135.45781053459
2019-02-05,10,78,12.0,B,126512,54.34,2.962,126.4420645,9.765,No,2019,2,1,18135.45781053459
2019-02-05,4,51,38.64,A,205863,43.76,2.598,126.4420645,8.623,No,2019,2,1,19838.3680016247
2019-02-05,4,52,4019.83,A,205863,43.76,2.598,126.4420645,8.623,No,2019,2,1,19838.3680016247
2019-02-05,5,13,11468.24,B,34875,39.7,2.572,211.6539716,6.566,No,2019,2,1,7230.272059479554
2019-02-05,5,14,3327.63,B,34875,39.7,2.572,211.6539716,6.566,No,2019,2,1,7230.272059479554
2019-02-05,6,58,3322.0,A,202505,40.43,2.572,212.6223518,7.259,No,2019,2,1,18281.02638381668
2019-02-05,6,59,1170.91,A,202505,40.43,2.572,212.6223518,7.259,No,2019,2,1,18281.02638381668
2019-02-05,6,67,13970.69,A,202505,40.43,2.572,212.6223518,7.259,No,2019,2,1,18281.02638381668
2019-02-05,6,71,9847.07,A,202505,40.43,2.572,212.6223518,7.259,No,2019,2,1,18281.02638381668
2019-02-05,6,74,21374.43,A,202505,40.43,2.572,212.6223518,7.259,No,2019,2,1,18281.02638381668
2019-02-05,5,21,2002.48,B,34875,39.7,2.572,211.6539716,6.566,No,2019,2,1,7230.272059479554
2019-02-05,6,79,34395.14,A,202505,40.43,2.572,212.6223518,7.259,No,2019,2,1,18281.02638381668
2019-02-05,6,80,14222.74,A,202505,40.43,2.572,212.6223518,7.259,No,2019,2,1,18281.02638381668
2019-02-05,6,81,16765.86,A,202505,40.43,2.572,212.6223518,7.259,No,2019,2,1,18281.02638381668
2019-02-05,6,82,18933.52,A,202505,40.43,2.572,212.6223518,7.259,No,2019,2,1,18281.02638381668
2019-02-05,6,83,4444.58,A,202505,40.43,2.572,212.6223518,7.259,No,2019,2,1,18281.02638381668
2019-02-05,6,85,2972.29,A,202505,40.43,2.572,212.6223518,7.259,No,2019,2,1,18281.02638381668
2019-02-05,6,51,29.32,A,202505,40.43,2.572,212.6223518,7.259,No,2019,2,1,18281.02638381668
2019-02-05,5,17,2425.47,B,34875,39.7,2.572,211.6539716,6.566,No,2019,2,1,7230.272059479554
2019-02-05,6,56,3085.13,A,202505,40.43,2.572,212.6223518,7.259,No,2019,2,1,18281.02638381668
2019-02-05,5,91,91.18,B,34875,39.7,2.572,211.6539716,6.566,No,2019,2,1,7230.272059479554
2019-02-05,5,92,6459.34,B,34875,39.7,2.572,211.6539716,6.566,No,2019,2,1,7230.272059479554
2019-02-05,5,95,14982.41,B,34875,39.7,2.572,211.6539716,6.566,No,2019,2,1,7230.272059479554
2019-02-05,5,96,1825.31,B,34875,39.7,2.572,211.6539716,6.566,No,2019,2,1,7230.272059479554
2019-02-05,6,1,25619.0,A,202505,40.43,2.572,212.6223518,7.259,No,2019,2,1,18281.02638381668
2019-02-05,6,2,50810.04,A,202505,40.43,2.572,212.6223518,7.259,No,2019,2,1,18281.02638381668
2019-02-05,6,3,14831.0,A,202505,40.43,2.572,212.6223518,7.259,No,2019,2,1,18281.02638381668
2019-02-05,6,4,35192.87,A,202505,40.43,2.572,212.6223518,7.259,No,2019,2,1,18281.02638381668
2019-02-05,5,29,1734.49,B,34875,39.7,2.572,211.6539716,6.566,No,2019,2,1,7230.272059479554
2019-02-05,5,71,216.92,B,34875,39.7,2.572,211.6539716,6.566,No,2019,2,1,7230.272059479554
2019-02-05,5,67,2638.3,B,34875,39.7,2.572,211.6539716,6.566,No,2019,2,1,7230.272059479554
2019-02-05,5,60,255.2,B,34875,39.7,2.572,211.6539716,6.566,No,2019,2,1,7230.272059479554
2019-02-05,5,33,1856.55,B,34875,39.7,2.572,211.6539716,6.566,No,2019,2,1,7230.272059479554
2019-02-05,5,34,4062.5,B,34875,39.7,2.572,211.6539716,6.566,No,2019,2,1,7230.272059479554
2019-02-05,5,35,827.0,B,34875,39.7,2.572,211.6539716,6.566,No,2019,2,1,7230.272059479554
2019-02-05,5,31,605.0,B,34875,39.7,2.572,211.6539716,6.566,No,2019,2,1,7230.272059479554
2019-02-05,5,36,341.0,B,34875,39.7,2.572,211.6539716,6.566,No,2019,2,1,7230.272059479554
2019-02-05,5,38,63077.83,B,34875,39.7,2.572,211.6539716,6.566,No,2019,2,1,7230.272059479554
2019-02-05,5,40,21538.68,B,34875,39.7,2.572,211.6539716,6.566,No,2019,2,1,7230.272059479554
2019-02-05,5,28,313.4,B,34875,39.7,2.572,211.6539716,6.566,No,2019,2,1,7230.272059479554
2019-02-05,5,90,2038.12,B,34875,39.7,2.572,211.6539716,6.566,No,2019,2,1,7230.272059479554
2019-02-05,5,85,832.49,B,34875,39.7,2.572,211.6539716,6.566,No,2019,2,1,7230.272059479554
2019-02-05,5,16,4545.64,B,34875,39.7,2.572,211.6539716,6.566,No,2019,2,1,7230.272059479554
2019-02-05,6,49,14727.18,A,202505,40.43,2.572,212.6223518,7.259,No,2019,2,1,18281.02638381668
2019-02-05,6,48,2893.0,A,202505,40.43,2.572,212.6223518,7.259,No,2019,2,1,18281.02638381668
2019-02-05,5,72,18838.99,B,34875,39.7,2.572,211.6539716,6.566,No,2019,2,1,7230.272059479554
2019-02-05,5,74,3613.22,B,34875,39.7,2.572,211.6539716,6.566,No,2019,2,1,7230.272059479554
2019-02-05,5,79,5677.51,B,34875,39.7,2.572,211.6539716,6.566,No,2019,2,1,7230.272059479554
2019-02-05,5,81,1941.93,B,34875,39.7,2.572,211.6539716,6.566,No,2019,2,1,7230.272059479554
2019-02-05,5,82,3947.91,B,34875,39.7,2.572,211.6539716,6.566,No,2019,2,1,7230.272059479554
2019-02-05,5,87,10543.08,B,34875,39.7,2.572,211.6539716,6.566,No,2019,2,1,7230.272059479554
2019-02-05,6,55,26380.77,A,202505,40.43,2.572,212.6223518,7.259,No,2019,2,1,18281.02638381668
2019-02-05,5,22,2628.64,B,34875,39.7,2.572,211.6539716,6.566,No,2019,2,1,7230.272059479554
2019-02-05,6,54,129.0,A,202505,40.43,2.572,212.6223518,7.259,No,2019,2,1,18281.02638381668
2019-02-05,4,44,5972.36,A,205863,43.76,2.598,126.4420645,8.623,No,2019,2,1,19838.3680016247
2019-02-05,13,1,46761.9,A,219622,31.53,2.666,126.4420645,8.316,No,2019,2,1,20379.64468067227
2019-02-05,13,3,21946.62,A,219622,31.53,2.666,126.4420645,8.316,No,2019,2,1,20379.64468067227
2019-02-05,13,4,42482.68,A,219622,31.53,2.666,126.4420645,8.316,No,2019,2,1,20379.64468067227
2019-02-05,13,5,53089.8,A,219622,31.53,2.666,126.4420645,8.316,No,2019,2,1,20379.64468067227
2019-02-05,13,6,7008.52,A,219622,31.53,2.666,126.4420645,8.316,No,2019,2,1,20379.64468067227
2019-02-05,13,7,35711.89,A,219622,31.53,2.666,126.4420645,8.316,No,2019,2,1,20379.64468067227
2019-02-05,13,8,40372.38,A,219622,31.53,2.666,126.4420645,8.316,No,2019,2,1,20379.64468067227
2019-02-05,13,9,26597.1,A,219622,31.53,2.666,126.4420645,8.316,No,2019,2,1,20379.64468067227
2019-02-05,13,10,22422.77,A,219622,31.53,2.666,126.4420645,8.316,No,2019,2,1,20379.64468067227
2019-02-05,13,11,21854.91,A,219622,31.53,2.666,126.4420645,8.316,No,2019,2,1,20379.64468067227
2019-02-05,13,12,6825.17,A,219622,31.53,2.666,126.4420645,8.316,No,2019,2,1,20379.64468067227
2019-02-05,13,13,51049.68,A,219622,31.53,2.666,126.4420645,8.316,No,2019,2,1,20379.64468067227
2019-02-05,13,14,26778.0,A,219622,31.53,2.666,126.4420645,8.316,No,2019,2,1,20379.64468067227
2019-02-05,13,16,3333.44,A,219622,31.53,2.666,126.4420645,8.316,No,2019,2,1,20379.64468067227
2019-02-05,4,42,9960.26,A,205863,43.76,2.598,126.4420645,8.623,No,2019,2,1,19838.3680016247
2019-02-05,4,48,1872.0,A,205863,43.76,2.598,126.4420645,8.623,No,2019,2,1,19838.3680016247
2019-02-05,4,55,23422.51,A,205863,43.76,2.598,126.4420645,8.623,No,2019,2,1,19838.3680016247
2019-02-05,4,54,488.0,A,205863,43.76,2.598,126.4420645,8.623,No,2019,2,1,19838.3680016247
2019-02-05,5,19,63.95,B,34875,39.7,2.572,211.6539716,6.566,No,2019,2,1,7230.272059479554
2019-02-05,6,96,24989.15,A,202505,40.43,2.572,212.6223518,7.259,No,2019,2,1,18281.02638381668
2019-02-05,6,97,20947.7,A,202505,40.43,2.572,212.6223518,7.259,No,2019,2,1,18281.02638381668
2019-02-05,6,98,9326.39,A,202505,40.43,2.572,212.6223518,7.259,No,2019,2,1,18281.02638381668
2019-02-05,5,18,1444.0,B,34875,39.7,2.572,211.6539716,6.566,No,2019,2,1,7230.272059479554
2019-02-05,5,20,1308.84,B,34875,39.7,2.572,211.6539716,6.566,No,2019,2,1,7230.272059479554
2019-02-05,6,91,48449.73,A,202505,40.43,2.572,212.6223518,7.259,No,2019,2,1,18281.02638381668
2019-02-05,6,90,58106.79,A,202505,40.43,2.572,212.6223518,7.259,No,2019,2,1,18281.02638381668
2019-02-05,6,87,39665.5,A,202505,40.43,2.572,212.6223518,7.259,No,2019,2,1,18281.02638381668
2019-02-05,6,52,5133.68,A,202505,40.43,2.572,212.6223518,7.259,No,2019,2,1,18281.02638381668
2019-02-05,6,94,40100.82,A,202505,40.43,2.572,212.6223518,7.259,No,2019,2,1,18281.02638381668
2019-02-05,6,93,40815.87,A,202505,40.43,2.572,212.6223518,7.259,No,2019,2,1,18281.02638381668
2019-02-05,10,1,40212.84,B,126512,54.34,2.962,126.4420645,9.765,No,2019,2,1,18135.45781053459
2019-02-05,4,46,34577.63,A,205863,43.76,2.598,126.4420645,8.623,No,2019,2,1,19838.3680016247
2019-02-05,4,45,7.5,A,205863,43.76,2.598,126.4420645,8.623,No,2019,2,1,19838.3680016247
2019-02-05,10,31,6508.88,B,126512,54.34,2.962,126.4420645,9.765,No,2019,2,1,18135.45781053459
2019-02-05,19,74,16702.26,A,203819,20.96,2.954,131.5279032,8.35,No,2019,2,1,17082.8456727707
2019-02-05,19,81,22919.71,A,203819,20.96,2.954,131.5279032,8.35,No,2019,2,1,17082.8456727707
2019-02-05,16,74,9071.63,B,57197,19.79,2.58,189.3816974,7.039,No,2019,2,1,7936.009337074711
2019-02-05,16,38,57776.81,B,57197,19.79,2.58,189.3816974,7.039,No,2019,2,1,7936.009337074711
2019-02-05,16,40,34870.18,B,57197,19.79,2.58,189.3816974,7.039,No,2019,2,1,7936.009337074711
2019-02-05,16,41,2285.64,B,57197,19.79,2.58,189.3816974,7.039,No,2019,2,1,7936.009337074711
2019-02-05,16,42,2932.81,B,57197,19.79,2.58,189.3816974,7.039,No,2019,2,1,7936.009337074711
2019-02-05,16,44,4435.48,B,57197,19.79,2.58,189.3816974,7.039,No,2019,2,1,7936.009337074711
2019-02-05,4,11,30263.01,A,205863,43.76,2.598,126.4420645,8.623,No,2019,2,1,19838.3680016247
2019-02-05,16,45,34.62,B,57197,19.79,2.58,189.3816974,7.039,No,2019,2,1,7936.009337074711
2019-02-05,16,46,12553.92,B,57197,19.79,2.58,189.3816974,7.039,No,2019,2,1,7936.009337074711
2019-02-05,17,6,3775.38,B,93188,23.11,2.666,126.4420645,6.548,No,2019,2,1,11782.95784593935
2019-02-05,16,52,2541.04,B,57197,19.79,2.58,189.3816974,7.039,No,2019,2,1,7936.009337074711
2019-02-05,16,55,7178.35,B,57197,19.79,2.58,189.3816974,7.039,No,2019,2,1,7936.009337074711
2019-02-05,16,56,37.5,B,57197,19.79,2.58,189.3816974,7.039,No,2019,2,1,7936.009337074711
2019-02-05,16,58,346.0,B,57197,19.79,2.58,189.3816974,7.039,No,2019,2,1,7936.009337074711
2019-02-05,16,59,338.1,B,57197,19.79,2.58,189.3816974,7.039,No,2019,2,1,7936.009337074711
2019-02-05,16,67,3911.46,B,57197,19.79,2.58,189.3816974,7.039,No,2019,2,1,7936.009337074711
2019-02-05,4,10,34932.26,A,205863,43.76,2.598,126.4420645,8.623,No,2019,2,1,19838.3680016247
2019-02-05,16,71,2633.22,B,57197,19.79,2.58,189.3816974,7.039,No,2019,2,1,7936.009337074711
2019-02-05,16,72,47548.99,B,57197,19.79,2.58,189.3816974,7.039,No,2019,2,1,7936.009337074711
2019-02-05,16,79,5965.04,B,57197,19.79,2.58,189.3816974,7.039,No,2019,2,1,7936.009337074711
2019-02-05,16,54,105.5,B,57197,19.79,2.58,189.3816974,7.039,No,2019,2,1,7936.009337074711
2019-02-05,16,81,2580.8,B,57197,19.79,2.58,189.3816974,7.039,No,2019,2,1,7936.009337074711
2019-02-05,17,5,20535.19,B,93188,23.11,2.666,126.4420645,6.548,No,2019,2,1,11782.95784593935
2019-02-05,4,31,3184.46,A,205863,43.76,2.598,126.4420645,8.623,No,2019,2,1,19838.3680016247
2019-02-05,17,56,357.75,B,93188,23.11,2.666,126.4420645,6.548,No,2019,2,1,11782.95784593935
2019-02-05,17,54,82.0,B,93188,23.11,2.666,126.4420645,6.548,No,2019,2,1,11782.95784593935
2019-02-05,16,85,2831.96,B,57197,19.79,2.58,189.3816974,7.039,No,2019,2,1,7936.009337074711
2019-02-05,16,87,6786.01,B,57197,19.79,2.58,189.3816974,7.039,No,2019,2,1,7936.009337074711
2019-02-05,4,9,21654.54,A,205863,43.76,2.598,126.4420645,8.623,No,2019,2,1,19838.3680016247
2019-02-05,16,90,5330.05,B,57197,19.79,2.58,189.3816974,7.039,No,2019,2,1,7936.009337074711
2019-02-05,16,91,1109.33,B,57197,19.79,2.58,189.3816974,7.039,No,2019,2,1,7936.009337074711
2019-02-05,16,92,15694.3,B,57197,19.79,2.58,189.3816974,7.039,No,2019,2,1,7936.009337074711
2019-02-05,16,94,5.88,B,57197,19.79,2.58,189.3816974,7.039,No,2019,2,1,7936.009337074711
2019-02-05,16,95,21070.74,B,57197,19.79,2.58,189.3816974,7.039,No,2019,2,1,7936.009337074711
2019-02-05,16,96,87.26,B,57197,19.79,2.58,189.3816974,7.039,No,2019,2,1,7936.009337074711
2019-02-05,16,97,1344.22,B,57197,19.79,2.58,189.3816974,7.039,No,2019,2,1,7936.009337074711
2019-02-05,16,98,22.5,B,57197,19.79,2.58,189.3816974,7.039,No,2019,2,1,7936.009337074711
2019-02-05,17,1,20304.23,B,93188,23.11,2.666,126.4420645,6.548,No,2019,2,1,11782.95784593935
2019-02-05,17,2,37655.46,B,93188,23.11,2.666,126.4420645,6.548,No,2019,2,1,11782.95784593935
2019-02-05,4,8,71562.58,A,205863,43.76,2.598,126.4420645,8.623,No,2019,2,1,19838.3680016247
2019-02-05,17,3,15548.65,B,93188,23.11,2.666,126.4420645,6.548,No,2019,2,1,11782.95784593935
2019-02-05,17,4,20984.53,B,93188,23.11,2.666,126.4420645,6.548,No,2019,2,1,11782.95784593935
2019-02-05,16,82,7863.82,B,57197,19.79,2.58,189.3816974,7.039,No,2019,2,1,7936.009337074711
2019-02-05,18,27,3984.5,B,120653,21.33,2.788,131.5279032,9.202,No,2019,2,1,15597.17541281007
2019-02-05,17,7,11501.61,B,93188,23.11,2.666,126.4420645,6.548,No,2019,2,1,11782.95784593935
2019-02-05,17,9,12639.16,B,93188,23.11,2.666,126.4420645,6.548,No,2019,2,1,11782.95784593935
2019-02-05,4,7,37239.25,A,205863,43.76,2.598,126.4420645,8.623,No,2019,2,1,19838.3680016247
2019-02-05,17,11,13238.96,B,93188,23.11,2.666,126.4420645,6.548,No,2019,2,1,11782.95784593935
2019-02-05,17,12,5480.97,B,93188,23.11,2.666,126.4420645,6.548,No,2019,2,1,11782.95784593935
2019-02-05,17,13,22023.73,B,93188,23.11,2.666,126.4420645,6.548,No,2019,2,1,11782.95784593935
2019-02-05,17,14,9379.08,B,93188,23.11,2.666,126.4420645,6.548,No,2019,2,1,11782.95784593935
2019-02-05,17,16,2105.28,B,93188,23.11,2.666,126.4420645,6.548,No,2019,2,1,11782.95784593935
2019-02-05,17,17,10642.14,B,93188,23.11,2.666,126.4420645,6.548,No,2019,2,1,11782.95784593935
2019-02-05,17,28,1891.66,B,93188,23.11,2.666,126.4420645,6.548,No,2019,2,1,11782.95784593935
2019-02-05,17,18,4803.1,B,93188,23.11,2.666,126.4420645,6.548,No,2019,2,1,11782.95784593935
2019-02-05,17,20,3461.32,B,93188,23.11,2.666,126.4420645,6.548,No,2019,2,1,11782.95784593935
2019-02-05,4,6,10216.17,A,205863,43.76,2.598,126.4420645,8.623,No,2019,2,1,19838.3680016247
2019-02-05,17,21,4534.25,B,93188,23.11,2.666,126.4420645,6.548,No,2019,2,1,11782.95784593935
2019-02-05,17,22,5326.23,B,93188,23.11,2.666,126.4420645,6.548,No,2019,2,1,11782.95784593935
2019-02-05,17,23,9532.58,B,93188,23.11,2.666,126.4420645,6.548,No,2019,2,1,11782.95784593935
2019-02-05,17,24,4583.13,B,93188,23.11,2.666,126.4420645,6.548,No,2019,2,1,11782.95784593935
2019-02-05,17,25,3413.75,B,93188,23.11,2.666,126.4420645,6.548,No,2019,2,1,11782.95784593935
2019-02-05,17,26,7853.86,B,93188,23.11,2.666,126.4420645,6.548,No,2019,2,1,11782.95784593935
2019-02-05,17,19,3884.62,B,93188,23.11,2.666,126.4420645,6.548,No,2019,2,1,11782.95784593935
2019-02-05,42,96,14986.04,C,39690,54.34,2.962,126.4420645,9.765,No,2019,2,1,1757.626174684727
2019-02-05,17,10,12323.85,B,93188,23.11,2.666,126.4420645,6.548,No,2019,2,1,11782.95784593935
2019-02-05,17,8,22462.7,B,93188,23.11,2.666,126.4420645,6.548,No,2019,2,1,11782.95784593935
2019-02-05,17,27,1143.0,B,93188,23.11,2.666,126.4420645,6.548,No,2019,2,1,11782.95784593935
2019-02-05,17,55,10502.02,B,93188,23.11,2.666,126.4420645,6.548,No,2019,2,1,11782.95784593935
2019-02-05,17,30,1859.0,B,93188,23.11,2.666,126.4420645,6.548,No,2019,2,1,11782.95784593935
2019-02-05,17,31,1553.76,B,93188,23.11,2.666,126.4420645,6.548,No,2019,2,1,11782.95784593935
2019-02-05,17,32,4453.59,B,93188,23.11,2.666,126.4420645,6.548,No,2019,2,1,11782.95784593935
2019-02-05,17,33,5030.14,B,93188,23.11,2.666,126.4420645,6.548,No,2019,2,1,11782.95784593935
2019-02-05,17,34,7132.67,B,93188,23.11,2.666,126.4420645,6.548,No,2019,2,1,11782.95784593935
2019-02-05,17,35,1552.0,B,93188,23.11,2.666,126.4420645,6.548,No,2019,2,1,11782.95784593935
2019-02-05,17,36,789.0,B,93188,23.11,2.666,126.4420645,6.548,No,2019,2,1,11782.95784593935
2019-02-05,17,38,64439.76,B,93188,23.11,2.666,126.4420645,6.548,No,2019,2,1,11782.95784593935
2019-02-05,4,5,48602.55,A,205863,43.76,2.598,126.4420645,8.623,No,2019,2,1,19838.3680016247
2019-02-05,4,4,59554.57,A,205863,43.76,2.598,126.4420645,8.623,No,2019,2,1,19838.3680016247
2019-02-05,17,41,7.0,B,93188,23.11,2.666,126.4420645,6.548,No,2019,2,1,11782.95784593935
2019-02-05,17,42,3232.11,B,93188,23.11,2.666,126.4420645,6.548,No,2019,2,1,11782.95784593935
2019-02-05,17,44,7757.54,B,93188,23.11,2.666,126.4420645,6.548,No,2019,2,1,11782.95784593935
2019-02-05,17,46,21452.03,B,93188,23.11,2.666,126.4420645,6.548,No,2019,2,1,11782.95784593935
2019-02-05,17,48,1215.0,B,93188,23.11,2.666,126.4420645,6.548,No,2019,2,1,11782.95784593935
2019-02-05,17,51,4.66,B,93188,23.11,2.666,126.4420645,6.548,No,2019,2,1,11782.95784593935
2019-02-05,17,52,3420.93,B,93188,23.11,2.666,126.4420645,6.548,No,2019,2,1,11782.95784593935
2019-02-05,4,3,16166.02,A,205863,43.76,2.598,126.4420645,8.623,No,2019,2,1,19838.3680016247
2019-02-05,17,40,47359.32,B,93188,23.11,2.666,126.4420645,6.548,No,2019,2,1,11782.95784593935
2019-02-05,17,29,2712.07,B,93188,23.11,2.666,126.4420645,6.548,No,2019,2,1,11782.95784593935
2019-02-05,5,32,2753.08,B,34875,39.7,2.572,211.6539716,6.566,No,2019,2,1,7230.272059479554
2019-02-05,3,92,6805.18,B,37392,45.71,2.572,214.4248812,7.368,No,2019,2,1,5909.877946896037
2019-02-05,18,33,12836.89,B,120653,21.33,2.788,131.5279032,9.202,No,2019,2,1,15597.17541281007
2019-02-05,3,96,3217.88,B,37392,45.71,2.572,214.4248812,7.368,No,2019,2,1,5909.877946896037
2019-02-05,18,13,48324.54,B,120653,21.33,2.788,131.5279032,9.202,No,2019,2,1,15597.17541281007
2019-02-05,17,95,43836.05,B,93188,23.11,2.666,126.4420645,6.548,No,2019,2,1,11782.95784593935
2019-02-05,17,94,3.96,B,93188,23.11,2.666,126.4420645,6.548,No,2019,2,1,11782.95784593935
2019-02-05,17,93,4000.62,B,93188,23.11,2.666,126.4420645,6.548,No,2019,2,1,11782.95784593935
2019-02-05,17,92,51133.0,B,93188,23.11,2.666,126.4420645,6.548,No,2019,2,1,11782.95784593935
2019-02-05,17,59,745.11,B,93188,23.11,2.666,126.4420645,6.548,No,2019,2,1,11782.95784593935
2019-02-05,17,60,211.2,B,93188,23.11,2.666,126.4420645,6.548,No,2019,2,1,11782.95784593935
2019-02-05,17,67,7447.96,B,93188,23.11,2.666,126.4420645,6.548,No,2019,2,1,11782.95784593935
2019-02-05,17,71,4679.5,B,93188,23.11,2.666,126.4420645,6.548,No,2019,2,1,11782.95784593935
2019-02-05,17,72,72193.81,B,93188,23.11,2.666,126.4420645,6.548,No,2019,2,1,11782.95784593935
2019-02-05,17,74,10218.96,B,93188,23.11,2.666,126.4420645,6.548,No,2019,2,1,11782.95784593935
2019-02-05,17,78,1.0,B,93188,23.11,2.666,126.4420645,6.548,No,2019,2,1,11782.95784593935
2019-02-05,18,14,25662.12,B,120653,21.33,2.788,131.5279032,9.202,No,2019,2,1,15597.17541281007
2019-02-05,17,79,31042.73,B,93188,23.11,2.666,126.4420645,6.548,No,2019,2,1,11782.95784593935
2019-02-05,17,81,11339.95,B,93188,23.11,2.666,126.4420645,6.548,No,2019,2,1,11782.95784593935
2019-02-05,17,82,12572.26,B,93188,23.11,2.666,126.4420645,6.548,No,2019,2,1,11782.95784593935
2019-02-05,17,83,1208.5,B,93188,23.11,2.666,126.4420645,6.548,No,2019,2,1,11782.95784593935
2019-02-05,18,12,3396.81,B,120653,21.33,2.788,131.5279032,9.202,No,2019,2,1,15597.17541281007
2019-02-05,17,85,3466.41,B,93188,23.11,2.666,126.4420645,6.548,No,2019,2,1,11782.95784593935
2019-02-05,18,11,21171.41,B,120653,21.33,2.788,131.5279032,9.202,No,2019,2,1,15597.17541281007
2019-02-05,18,9,15605.14,B,120653,21.33,2.788,131.5279032,9.202,No,2019,2,1,15597.17541281007
2019-02-05,15,1,12239.38,B,123737,19.83,2.954,131.5279032,8.35,No,2019,2,1,11037.66628107735
2019-02-05,15,2,27179.85,B,123737,19.83,2.954,131.5279032,8.35,No,2019,2,1,11037.66628107735
2019-02-05,15,3,9494.42,B,123737,19.83,2.954,131.5279032,8.35,No,2019,2,1,11037.66628107735
2019-02-05,15,4,11694.61,B,123737,19.83,2.954,131.5279032,8.35,No,2019,2,1,11037.66628107735
2019-02-05,16,34,4069.81,B,57197,19.79,2.58,189.3816974,7.039,No,2019,2,1,7936.009337074711
2019-02-05,16,35,663.0,B,57197,19.79,2.58,189.3816974,7.039,No,2019,2,1,7936.009337074711
2019-02-05,16,36,1705.9,B,57197,19.79,2.58,189.3816974,7.039,No,2019,2,1,7936.009337074711
2019-02-05,17,97,6863.29,B,93188,23.11,2.666,126.4420645,6.548,No,2019,2,1,11782.95784593935
2019-02-05,17,98,240.25,B,93188,23.11,2.666,126.4420645,6.548,No,2019,2,1,11782.95784593935
2019-02-05,18,1,22252.71,B,120653,21.33,2.788,131.5279032,9.202,No,2019,2,1,15597.17541281007
2019-02-05,18,2,67807.23,B,120653,21.33,2.788,131.5279032,9.202,No,2019,2,1,15597.17541281007
2019-02-05,18,3,16150.95,B,120653,21.33,2.788,131.5279032,9.202,No,2019,2,1,15597.17541281007
2019-02-05,18,4,29263.04,B,120653,21.33,2.788,131.5279032,9.202,No,2019,2,1,15597.17541281007
2019-02-05,3,97,175.92,B,37392,45.71,2.572,214.4248812,7.368,No,2019,2,1,5909.877946896037
2019-02-05,18,5,34116.49,B,120653,21.33,2.788,131.5279032,9.202,No,2019,2,1,15597.17541281007
2019-02-05,18,6,5883.54,B,120653,21.33,2.788,131.5279032,9.202,No,2019,2,1,15597.17541281007
2019-02-05,18,7,21081.22,B,120653,21.33,2.788,131.5279032,9.202,No,2019,2,1,15597.17541281007
2019-02-05,18,8,38834.28,B,120653,21.33,2.788,131.5279032,9.202,No,2019,2,1,15597.17541281007
2019-02-05,18,10,16642.3,B,120653,21.33,2.788,131.5279032,9.202,No,2019,2,1,15597.17541281007
2019-02-05,18,34,21711.62,B,120653,21.33,2.788,131.5279032,9.202,No,2019,2,1,15597.17541281007
2019-02-05,17,87,7904.69,B,93188,23.11,2.666,126.4420645,6.548,No,2019,2,1,11782.95784593935
2019-02-05,17,90,30061.67,B,93188,23.11,2.666,126.4420645,6.548,No,2019,2,1,11782.95784593935
2019-02-05,18,55,15399.19,B,120653,21.33,2.788,131.5279032,9.202,No,2019,2,1,15597.17541281007
2019-02-05,17,58,1733.0,B,93188,23.11,2.666,126.4420645,6.548,No,2019,2,1,11782.95784593935
2019-02-05,18,35,4348.0,B,120653,21.33,2.788,131.5279032,9.202,No,2019,2,1,15597.17541281007
2019-02-05,18,19,3669.66,B,120653,21.33,2.788,131.5279032,9.202,No,2019,2,1,15597.17541281007
2019-02-05,18,20,11255.49,B,120653,21.33,2.788,131.5279032,9.202,No,2019,2,1,15597.17541281007
2019-02-05,18,21,5778.95,B,120653,21.33,2.788,131.5279032,9.202,No,2019,2,1,15597.17541281007
2019-02-05,18,22,18722.53,B,120653,21.33,2.788,131.5279032,9.202,No,2019,2,1,15597.17541281007
2019-02-05,3,95,11771.76,B,37392,45.71,2.572,214.4248812,7.368,No,2019,2,1,5909.877946896037
2019-02-05,18,23,33867.32,B,120653,21.33,2.788,131.5279032,9.202,No,2019,2,1,15597.17541281007
2019-02-05,18,24,10441.16,B,120653,21.33,2.788,131.5279032,9.202,No,2019,2,1,15597.17541281007
2019-02-05,18,25,14177.0,B,120653,21.33,2.788,131.5279032,9.202,No,2019,2,1,15597.17541281007
2019-02-05,18,36,2294.0,B,120653,21.33,2.788,131.5279032,9.202,No,2019,2,1,15597.17541281007
2019-02-05,18,26,13386.53,B,120653,21.33,2.788,131.5279032,9.202,No,2019,2,1,15597.17541281007
2019-02-05,18,28,2140.71,B,120653,21.33,2.788,131.5279032,9.202,No,2019,2,1,15597.17541281007
2019-02-05,18,29,9932.24,B,120653,21.33,2.788,131.5279032,9.202,No,2019,2,1,15597.17541281007
2019-02-05,18,30,7425.42,B,120653,21.33,2.788,131.5279032,9.202,No,2019,2,1,15597.17541281007
2019-02-05,18,31,3575.98,B,120653,21.33,2.788,131.5279032,9.202,No,2019,2,1,15597.17541281007
2019-02-05,18,32,10609.27,B,120653,21.33,2.788,131.5279032,9.202,No,2019,2,1,15597.17541281007
2019-02-05,18,74,20741.06,B,120653,21.33,2.788,131.5279032,9.202,No,2019,2,1,15597.17541281007
2019-02-05,4,1,38724.42,A,205863,43.76,2.598,126.4420645,8.623,No,2019,2,1,19838.3680016247
2019-02-05,18,67,11463.06,B,120653,21.33,2.788,131.5279032,9.202,No,2019,2,1,15597.17541281007
2019-02-05,17,91,11349.33,B,93188,23.11,2.666,126.4420645,6.548,No,2019,2,1,11782.95784593935
2019-02-05,17,80,842.0,B,93188,23.11,2.666,126.4420645,6.548,No,2019,2,1,11782.95784593935
2019-02-05,18,16,4413.61,B,120653,21.33,2.788,131.5279032,9.202,No,2019,2,1,15597.17541281007
2019-02-05,18,17,19325.72,B,120653,21.33,2.788,131.5279032,9.202,No,2019,2,1,15597.17541281007
2019-02-05,18,18,3963.0,B,120653,21.33,2.788,131.5279032,9.202,No,2019,2,1,15597.17541281007
2019-02-05,18,41,161.76,B,120653,21.33,2.788,131.5279032,9.202,No,2019,2,1,15597.17541281007
2019-02-05,18,42,4879.45,B,120653,21.33,2.788,131.5279032,9.202,No,2019,2,1,15597.17541281007
2019-02-05,18,44,5693.72,B,120653,21.33,2.788,131.5279032,9.202,No,2019,2,1,15597.17541281007
2019-02-05,18,45,20.94,B,120653,21.33,2.788,131.5279032,9.202,No,2019,2,1,15597.17541281007
2019-02-05,18,46,26295.76,B,120653,21.33,2.788,131.5279032,9.202,No,2019,2,1,15597.17541281007
2019-02-05,3,91,166.19,B,37392,45.71,2.572,214.4248812,7.368,No,2019,2,1,5909.877946896037
2019-02-05,18,49,18990.2,B,120653,21.33,2.788,131.5279032,9.202,No,2019,2,1,15597.17541281007
2019-02-05,18,52,3943.18,B,120653,21.33,2.788,131.5279032,9.202,No,2019,2,1,15597.17541281007
2019-02-05,18,54,353.0,B,120653,21.33,2.788,131.5279032,9.202,No,2019,2,1,15597.17541281007
2019-02-05,18,56,529.0,B,120653,21.33,2.788,131.5279032,9.202,No,2019,2,1,15597.17541281007
2019-02-05,18,58,2630.0,B,120653,21.33,2.788,131.5279032,9.202,No,2019,2,1,15597.17541281007
2019-02-05,18,59,940.75,B,120653,21.33,2.788,131.5279032,9.202,No,2019,2,1,15597.17541281007
2019-02-05,3,90,1460.05,B,37392,45.71,2.572,214.4248812,7.368,No,2019,2,1,5909.877946896037
2019-02-05,18,71,11852.01,B,120653,21.33,2.788,131.5279032,9.202,No,2019,2,1,15597.17541281007
2019-02-05,44,3,584.93,C,39910,31.53,2.666,126.4420645,8.119,No,2019,2,1,1550.229425339366
2019-02-05,45,28,756.65,B,118221,27.31,2.784,181.8711898,8.992,No,2019,2,1,16435.50768729642
2019-02-05,44,5,819.0,C,39910,31.53,2.666,126.4420645,8.119,No,2019,2,1,1550.229425339366
2019-02-05,44,21,717.47,C,39910,31.53,2.666,126.4420645,8.119,No,2019,2,1,1550.229425339366
2019-02-05,44,59,177.66,C,39910,31.53,2.666,126.4420645,8.119,No,2019,2,1,1550.229425339366
2019-02-05,44,80,4689.89,C,39910,31.53,2.666,126.4420645,8.119,No,2019,2,1,1550.229425339366
2019-02-05,43,46,9006.64,C,41062,47.31,2.572,203.0642742,9.521,No,2019,2,1,1798.843282286881
2019-02-05,44,11,688.78,C,39910,31.53,2.666,126.4420645,8.119,No,2019,2,1,1550.229425339366
2019-02-05,44,67,959.62,C,39910,31.53,2.666,126.4420645,8.119,No,2019,2,1,1550.229425339366
2019-02-05,45,42,3666.88,B,118221,27.31,2.784,181.8711898,8.992,No,2019,2,1,16435.50768729642
2019-02-05,45,25,8859.83,B,118221,27.31,2.784,181.8711898,8.992,No,2019,2,1,16435.50768729642
2019-02-05,45,92,68203.08,B,118221,27.31,2.784,181.8711898,8.992,No,2019,2,1,16435.50768729642
2019-02-05,44,79,5534.95,C,39910,31.53,2.666,126.4420645,8.119,No,2019,2,1,1550.229425339366
2019-02-05,45,2,38214.01,B,118221,27.31,2.784,181.8711898,8.992,No,2019,2,1,16435.50768729642
2019-02-05,44,60,334.4,C,39910,31.53,2.666,126.4420645,8.119,No,2019,2,1,1550.229425339366
2019-02-05,45,20,6761.18,B,118221,27.31,2.784,181.8711898,8.992,No,2019,2,1,16435.50768729642
2019-02-05,45,52,2055.98,B,118221,27.31,2.784,181.8711898,8.992,No,2019,2,1,16435.50768729642
2019-02-05,45,82,11844.8,B,118221,27.31,2.784,181.8711898,8.992,No,2019,2,1,16435.50768729642
2019-02-05,44,96,2114.38,C,39910,31.53,2.666,126.4420645,8.119,No,2019,2,1,1550.229425339366
2019-02-05,43,79,20260.02,C,41062,47.31,2.572,203.0642742,9.521,No,2019,2,1,1798.843282286881
2019-02-05,43,2,22720.1,C,41062,47.31,2.572,203.0642742,9.521,No,2019,2,1,1798.843282286881
2019-02-05,45,18,1287.5,B,118221,27.31,2.784,181.8711898,8.992,No,2019,2,1,16435.50768729642
2019-02-05,43,32,20.01,C,41062,47.31,2.572,203.0642742,9.521,No,2019,2,1,1798.843282286881
2019-02-05,44,6,64.39,C,39910,31.53,2.666,126.4420645,8.119,No,2019,2,1,1550.229425339366
2019-02-05,45,79,19488.1,B,118221,27.31,2.784,181.8711898,8.992,No,2019,2,1,16435.50768729642
2019-02-05,43,5,25.0,C,41062,47.31,2.572,203.0642742,9.521,No,2019,2,1,1798.843282286881
2019-02-05,43,40,22409.78,C,41062,47.31,2.572,203.0642742,9.521,No,2019,2,1,1798.843282286881
2019-02-05,43,93,35102.27,C,41062,47.31,2.572,203.0642742,9.521,No,2019,2,1,1798.843282286881
2019-02-05,45,22,13899.73,B,118221,27.31,2.784,181.8711898,8.992,No,2019,2,1,16435.50768729642
2019-02-05,1,11,24213.18,A,151315,42.31,2.572,211.0963582,8.106,No,2019,2,1,16261.92245969254
2019-02-05,43,6,25.5,C,41062,47.31,2.572,203.0642742,9.521,No,2019,2,1,1798.843282286881
2019-02-05,44,25,33.75,C,39910,31.53,2.666,126.4420645,8.119,No,2019,2,1,1550.229425339366
2019-02-05,44,98,3426.62,C,39910,31.53,2.666,126.4420645,8.119,No,2019,2,1,1550.229425339366
2019-02-05,44,97,5701.61,C,39910,31.53,2.666,126.4420645,8.119,No,2019,2,1,1550.229425339366
2019-02-05,1,20,5034.1,A,151315,42.31,2.572,211.0963582,8.106,No,2019,2,1,16261.92245969254
2019-02-05,43,42,195.92,C,41062,47.31,2.572,203.0642742,9.521,No,2019,2,1,1798.843282286881
2019-02-05,45,41,438.0,B,118221,27.31,2.784,181.8711898,8.992,No,2019,2,1,16435.50768729642
2019-02-05,44,28,121.5,C,39910,31.53,2.666,126.4420645,8.119,No,2019,2,1,1550.229425339366
2019-02-05,45,19,1582.64,B,118221,27.31,2.784,181.8711898,8.992,No,2019,2,1,16435.50768729642
2019-02-05,43,16,2145.66,C,41062,47.31,2.572,203.0642742,9.521,No,2019,2,1,1798.843282286881
2019-02-05,45,3,9129.15,B,118221,27.31,2.784,181.8711898,8.992,No,2019,2,1,16435.50768729642
2019-02-05,45,95,63833.63,B,118221,27.31,2.784,181.8711898,8.992,No,2019,2,1,16435.50768729642
2019-02-05,45,26,7247.12,B,118221,27.31,2.784,181.8711898,8.992,No,2019,2,1,16435.50768729642
2019-02-05,45,54,182.0,B,118221,27.31,2.784,181.8711898,8.992,No,2019,2,1,16435.50768729642
2019-02-05,44,95,26939.43,C,39910,31.53,2.666,126.4420645,8.119,No,2019,2,1,1550.229425339366
2019-02-05,1,4,39954.04,A,151315,42.31,2.572,211.0963582,8.106,No,2019,2,1,16261.92245969254
2019-02-05,44,72,60.69,C,39910,31.53,2.666,126.4420645,8.119,No,2019,2,1,1550.229425339366
2019-02-05,1,8,40129.01,A,151315,42.31,2.572,211.0963582,8.106,No,2019,2,1,16261.92245969254
2019-02-05,43,21,1985.03,C,41062,47.31,2.572,203.0642742,9.521,No,2019,2,1,1798.843282286881
2019-02-05,43,25,48.5,C,41062,47.31,2.572,203.0642742,9.521,No,2019,2,1,1798.843282286881
2019-02-05,45,87,8818.12,B,118221,27.31,2.784,181.8711898,8.992,No,2019,2,1,16435.50768729642
2019-02-05,45,11,15826.08,B,118221,27.31,2.784,181.8711898,8.992,No,2019,2,1,16435.50768729642
2019-02-05,45,35,1728.5,B,118221,27.31,2.784,181.8711898,8.992,No,2019,2,1,16435.50768729642
2019-02-05,1,10,30721.5,A,151315,42.31,2.572,211.0963582,8.106,No,2019,2,1,16261.92245969254
2019-02-05,45,32,5230.43,B,118221,27.31,2.784,181.8711898,8.992,No,2019,2,1,16435.50768729642
2019-02-05,43,98,9601.83,C,41062,47.31,2.572,203.0642742,9.521,No,2019,2,1,1798.843282286881
2019-02-05,44,90,27958.74,C,39910,31.53,2.666,126.4420645,8.119,No,2019,2,1,1550.229425339366
2019-02-05,44,4,6516.95,C,39910,31.53,2.666,126.4420645,8.119,No,2019,2,1,1550.229425339366
2019-02-05,44,91,17527.52,C,39910,31.53,2.666,126.4420645,8.119,No,2019,2,1,1550.229425339366
2019-02-05,44,42,94.59,C,39910,31.53,2.666,126.4420645,8.119,No,2019,2,1,1550.229425339366
2019-02-05,1,21,8907.63,A,151315,42.31,2.572,211.0963582,8.106,No,2019,2,1,16261.92245969254
2019-02-05,43,9,16.42,C,41062,47.31,2.572,203.0642742,9.521,No,2019,2,1,1798.843282286881
2019-02-05,43,60,871.2,C,41062,47.31,2.572,203.0642742,9.521,No,2019,2,1,1798.843282286881
2019-02-05,45,31,3384.25,B,118221,27.31,2.784,181.8711898,8.992,No,2019,2,1,16435.50768729642
2019-02-05,43,59,410.84,C,41062,47.31,2.572,203.0642742,9.521,No,2019,2,1,1798.843282286881
2019-02-05,45,34,15134.0,B,118221,27.31,2.784,181.8711898,8.992,No,2019,2,1,16435.50768729642
2019-02-05,44,17,558.01,C,39910,31.53,2.666,126.4420645,8.119,No,2019,2,1,1550.229425339366
2019-02-05,45,8,41720.35,B,118221,27.31,2.784,181.8711898,8.992,No,2019,2,1,16435.50768729642
2019-02-05,45,71,7521.36,B,118221,27.31,2.784,181.8711898,8.992,No,2019,2,1,16435.50768729642
2019-02-05,43,85,134.71,C,41062,47.31,2.572,203.0642742,9.521,No,2019,2,1,1798.843282286881
2019-02-05,43,26,3.0,C,41062,47.31,2.572,203.0642742,9.521,No,2019,2,1,1798.843282286881
2019-02-05,44,40,15206.56,C,39910,31.53,2.666,126.4420645,8.119,No,2019,2,1,1550.229425339366
2019-02-05,45,9,9349.94,B,118221,27.31,2.784,181.8711898,8.992,No,2019,2,1,16435.50768729642
2019-02-05,45,12,3673.09,B,118221,27.31,2.784,181.8711898,8.992,No,2019,2,1,16435.50768729642
2019-02-05,45,72,64763.38,B,118221,27.31,2.784,181.8711898,8.992,No,2019,2,1,16435.50768729642
2019-02-05,45,33,3606.9,B,118221,27.31,2.784,181.8711898,8.992,No,2019,2,1,16435.50768729642
2019-02-05,43,8,15738.47,C,41062,47.31,2.572,203.0642742,9.521,No,2019,2,1,1798.843282286881
2019-02-05,44,38,44870.17,C,39910,31.53,2.666,126.4420645,8.119,No,2019,2,1,1550.229425339366
2019-02-05,44,87,114.4,C,39910,31.53,2.666,126.4420645,8.119,No,2019,2,1,1550.229425339366
2019-02-05,1,18,4729.5,A,151315,42.31,2.572,211.0963582,8.106,No,2019,2,1,16261.92245969254
2019-02-05,1,2,50605.27,A,151315,42.31,2.572,211.0963582,8.106,No,2019,2,1,16261.92245969254
2019-02-05,42,97,17084.47,C,39690,54.34,2.962,126.4420645,9.765,No,2019,2,1,1757.626174684727
2019-02-05,45,10,15473.72,B,118221,27.31,2.784,181.8711898,8.992,No,2019,2,1,16435.50768729642
2019-02-05,43,97,19158.62,C,41062,47.31,2.572,203.0642742,9.521,No,2019,2,1,1798.843282286881
2019-02-05,44,85,20.3,C,39910,31.53,2.666,126.4420645,8.119,No,2019,2,1,1550.229425339366
2019-02-05,45,67,7080.4,B,118221,27.31,2.784,181.8711898,8.992,No,2019,2,1,16435.50768729642
2019-02-05,1,3,13740.12,A,151315,42.31,2.572,211.0963582,8.106,No,2019,2,1,16261.92245969254
2019-02-05,44,8,5112.53,C,39910,31.53,2.666,126.4420645,8.119,No,2019,2,1,1550.229425339366
2019-02-05,1,12,8449.54,A,151315,42.31,2.572,211.0963582,8.106,No,2019,2,1,16261.92245969254
2019-02-05,44,16,553.64,C,39910,31.53,2.666,126.4420645,8.119,No,2019,2,1,1550.229425339366
2019-02-05,44,2,8577.33,C,39910,31.53,2.666,126.4420645,8.119,No,2019,2,1,1550.229425339366
2019-02-05,45,81,19774.69,B,118221,27.31,2.784,181.8711898,8.992,No,2019,2,1,16435.50768729642
2019-02-05,45,23,19436.16,B,118221,27.31,2.784,181.8711898,8.992,No,2019,2,1,16435.50768729642
2019-02-05,44,94,20542.97,C,39910,31.53,2.666,126.4420645,8.119,No,2019,2,1,1550.229425339366
2019-02-05,44,81,7114.49,C,39910,31.53,2.666,126.4420645,8.119,No,2019,2,1,1550.229425339366
2019-02-05,43,7,488.29,C,41062,47.31,2.572,203.0642742,9.521,No,2019,2,1,1798.843282286881
2019-02-05,1,16,10217.55,A,151315,42.31,2.572,211.0963582,8.106,No,2019,2,1,16261.92245969254
2019-02-05,1,17,13223.76,A,151315,42.31,2.572,211.0963582,8.106,No,2019,2,1,16261.92245969254
2019-02-05,45,27,1788.0,B,118221,27.31,2.784,181.8711898,8.992,No,2019,2,1,16435.50768729642
2019-02-05,45,91,22708.11,B,118221,27.31,2.784,181.8711898,8.992,No,2019,2,1,16435.50768729642
2019-02-05,44,93,9283.04,C,39910,31.53,2.666,126.4420645,8.119,No,2019,2,1,1550.229425339366
2019-02-05,45,58,1070.0,B,118221,27.31,2.784,181.8711898,8.992,No,2019,2,1,16435.50768729642
2019-02-05,44,82,2901.41,C,39910,31.53,2.666,126.4420645,8.119,No,2019,2,1,1550.229425339366
2019-02-05,1,5,32229.38,A,151315,42.31,2.572,211.0963582,8.106,No,2019,2,1,16261.92245969254
2019-02-05,43,96,20269.89,C,41062,47.31,2.572,203.0642742,9.521,No,2019,2,1,1798.843282286881
2019-02-05,43,18,861.5,C,41062,47.31,2.572,203.0642742,9.521,No,2019,2,1,1798.843282286881
2019-02-05,43,3,1039.38,C,41062,47.31,2.572,203.0642742,9.521,No,2019,2,1,1798.843282286881
2019-02-05,44,9,80.84,C,39910,31.53,2.666,126.4420645,8.119,No,2019,2,1,1550.229425339366
2019-02-05,43,83,4874.36,C,41062,47.31,2.572,203.0642742,9.521,No,2019,2,1,1798.843282286881
2019-02-05,44,46,5928.36,C,39910,31.53,2.666,126.4420645,8.119,No,2019,2,1,1550.229425339366
2019-02-05,45,85,2051.27,B,118221,27.31,2.784,181.8711898,8.992,No,2019,2,1,16435.50768729642
2019-02-05,43,10,499.95,C,41062,47.31,2.572,203.0642742,9.521,No,2019,2,1,1798.843282286881
2019-02-05,43,74,916.13,C,41062,47.31,2.572,203.0642742,9.521,No,2019,2,1,1798.843282286881
2019-02-05,45,13,34359.75,B,118221,27.31,2.784,181.8711898,8.992,No,2019,2,1,16435.50768729642
2019-02-05,43,11,634.23,C,41062,47.31,2.572,203.0642742,9.521,No,2019,2,1,1798.843282286881
2019-02-05,1,19,1947.05,A,151315,42.31,2.572,211.0963582,8.106,No,2019,2,1,16261.92245969254
2019-02-05,43,52,47.84,C,41062,47.31,2.572,203.0642742,9.521,No,2019,2,1,1798.843282286881
2019-02-05,45,17,12451.57,B,118221,27.31,2.784,181.8711898,8.992,No,2019,2,1,16435.50768729642
2019-02-05,43,91,35132.68,C,41062,47.31,2.572,203.0642742,9.521,No,2019,2,1,1798.843282286881
2019-02-05,44,10,166.23,C,39910,31.53,2.666,126.4420645,8.119,No,2019,2,1,1550.229425339366
2019-02-05,45,38,52642.67,B,118221,27.31,2.784,181.8711898,8.992,No,2019,2,1,16435.50768729642
2019-02-05,43,95,68862.68,C,41062,47.31,2.572,203.0642742,9.521,No,2019,2,1,1798.843282286881
2019-02-05,44,1,6871.2,C,39910,31.53,2.666,126.4420645,8.119,No,2019,2,1,1550.229425339366
2019-02-05,43,82,8069.41,C,41062,47.31,2.572,203.0642742,9.521,No,2019,2,1,1798.843282286881
2019-02-05,43,4,20017.8,C,41062,47.31,2.572,203.0642742,9.521,No,2019,2,1,1798.843282286881
2019-02-05,45,97,8393.22,B,118221,27.31,2.784,181.8711898,8.992,No,2019,2,1,16435.50768729642
2019-02-05,45,83,1127.26,B,118221,27.31,2.784,181.8711898,8.992,No,2019,2,1,16435.50768729642
2019-02-05,45,5,18843.61,B,118221,27.31,2.784,181.8711898,8.992,No,2019,2,1,16435.50768729642
2019-02-05,43,17,809.79,C,41062,47.31,2.572,203.0642742,9.521,No,2019,2,1,1798.843282286881
2019-02-05,45,56,650.3,B,118221,27.31,2.784,181.8711898,8.992,No,2019,2,1,16435.50768729642
2019-02-05,42,98,7141.34,C,39690,54.34,2.962,126.4420645,9.765,No,2019,2,1,1757.626174684727
2019-02-05,45,55,9087.28,B,118221,27.31,2.784,181.8711898,8.992,No,2019,2,1,16435.50768729642
2019-02-05,45,4,28764.16,B,118221,27.31,2.784,181.8711898,8.992,No,2019,2,1,16435.50768729642
2019-02-05,43,31,24.0,C,41062,47.31,2.572,203.0642742,9.521,No,2019,2,1,1798.843282286881
2019-02-05,43,12,69.11,C,41062,47.31,2.572,203.0642742,9.521,No,2019,2,1,1798.843282286881
2019-02-05,1,6,5749.03,A,151315,42.31,2.572,211.0963582,8.106,No,2019,2,1,16261.92245969254
2019-02-05,43,28,220.0,C,41062,47.31,2.572,203.0642742,9.521,No,2019,2,1,1798.843282286881
2019-02-05,45,60,140.8,B,118221,27.31,2.784,181.8711898,8.992,No,2019,2,1,16435.50768729642
2019-02-05,45,30,3315.79,B,118221,27.31,2.784,181.8711898,8.992,No,2019,2,1,16435.50768729642
2019-02-05,45,21,5525.26,B,118221,27.31,2.784,181.8711898,8.992,No,2019,2,1,16435.50768729642
2019-02-05,44,23,29.92,C,39910,31.53,2.666,126.4420645,8.119,No,2019,2,1,1550.229425339366
2019-02-05,45,1,18628.11,B,118221,27.31,2.784,181.8711898,8.992,No,2019,2,1,16435.50768729642
2019-02-05,43,94,49137.6,C,41062,47.31,2.572,203.0642742,9.521,No,2019,2,1,1798.843282286881
2019-02-05,1,14,19466.91,A,151315,42.31,2.572,211.0963582,8.106,No,2019,2,1,16261.92245969254
2019-02-05,43,38,53986.39,C,41062,47.31,2.572,203.0642742,9.521,No,2019,2,1,1798.843282286881
2019-02-05,43,1,6476.76,C,41062,47.31,2.572,203.0642742,9.521,No,2019,2,1,1798.843282286881
2019-02-05,44,74,245.72,C,39910,31.53,2.666,126.4420645,8.119,No,2019,2,1,1550.229425339366
2019-02-05,45,51,7.56,B,118221,27.31,2.784,181.8711898,8.992,No,2019,2,1,16435.50768729642
2019-02-05,45,24,4625.7,B,118221,27.31,2.784,181.8711898,8.992,No,2019,2,1,16435.50768729642
2019-02-05,45,44,3027.85,B,118221,27.31,2.784,181.8711898,8.992,No,2019,2,1,16435.50768729642
2019-02-05,43,14,1406.9,C,41062,47.31,2.572,203.0642742,9.521,No,2019,2,1,1798.843282286881
2019-02-05,43,80,17272.23,C,41062,47.31,2.572,203.0642742,9.521,No,2019,2,1,1798.843282286881
2019-02-05,43,81,20913.18,C,41062,47.31,2.572,203.0642742,9.521,No,2019,2,1,1798.843282286881
2019-02-05,43,13,19169.51,C,41062,47.31,2.572,203.0642742,9.521,No,2019,2,1,1798.843282286881
2019-02-05,44,12,73.21,C,39910,31.53,2.666,126.4420645,8.119,No,2019,2,1,1550.229425339366
2019-02-05,1,9,16930.99,A,151315,42.31,2.572,211.0963582,8.106,No,2019,2,1,16261.92245969254
2019-02-05,45,46,15667.72,B,118221,27.31,2.784,181.8711898,8.992,No,2019,2,1,16435.50768729642
2019-02-05,45,93,4002.34,B,118221,27.31,2.784,181.8711898,8.992,No,2019,2,1,16435.50768729642
2019-02-05,44,13,7121.09,C,39910,31.53,2.666,126.4420645,8.119,No,2019,2,1,1550.229425339366
2019-02-05,44,14,470.02,C,39910,31.53,2.666,126.4420645,8.119,No,2019,2,1,1550.229425339366
2019-02-05,1,7,21084.08,A,151315,42.31,2.572,211.0963582,8.106,No,2019,2,1,16261.92245969254
2019-02-05,43,67,1200.2,C,41062,47.31,2.572,203.0642742,9.521,No,2019,2,1,1798.843282286881
2019-02-05,44,7,421.61,C,39910,31.53,2.666,126.4420645,8.119,No,2019,2,1,1550.229425339366
2019-02-05,43,90,66687.72,C,41062,47.31,2.572,203.0642742,9.521,No,2019,2,1,1798.843282286881
2019-02-05,45,40,46487.67,B,118221,27.31,2.784,181.8711898,8.992,No,2019,2,1,16435.50768729642
2019-02-05,44,83,1169.57,C,39910,31.53,2.666,126.4420645,8.119,No,2019,2,1,1550.229425339366
2019-02-05,44,92,37940.57,C,39910,31.53,2.666,126.4420645,8.119,No,2019,2,1,1550.229425339366
2019-02-05,45,6,3252.19,B,118221,27.31,2.784,181.8711898,8.992,No,2019,2,1,16435.50768729642
2019-02-05,44,52,16.64,C,39910,31.53,2.666,126.4420645,8.119,No,2019,2,1,1550.229425339366
2019-02-05,45,36,373.0,B,118221,27.31,2.784,181.8711898,8.992,No,2019,2,1,16435.50768729642
2019-02-05,45,16,9581.14,B,118221,27.31,2.784,181.8711898,8.992,No,2019,2,1,16435.50768729642
2019-02-05,14,98,24273.74,A,200898,27.31,2.784,181.8711898,8.992,No,2019,2,1,19956.04368865647
2019-02-05,43,72,5.58,C,41062,47.31,2.572,203.0642742,9.521,No,2019,2,1,1798.843282286881
2019-02-05,45,98,347.23,B,118221,27.31,2.784,181.8711898,8.992,No,2019,2,1,16435.50768729642
2019-02-05,45,74,15200.4,B,118221,27.31,2.784,181.8711898,8.992,No,2019,2,1,16435.50768729642
2019-02-05,45,29,4557.44,B,118221,27.31,2.784,181.8711898,8.992,No,2019,2,1,16435.50768729642
2019-02-05,44,32,25.0,C,39910,31.53,2.666,126.4420645,8.119,No,2019,2,1,1550.229425339366
2019-02-05,45,59,746.5,B,118221,27.31,2.784,181.8711898,8.992,No,2019,2,1,16435.50768729642
2019-02-05,1,13,41969.29,A,151315,42.31,2.572,211.0963582,8.106,No,2019,2,1,16261.92245969254
2019-02-05,45,14,14535.96,B,118221,27.31,2.784,181.8711898,8.992,No,2019,2,1,16435.50768729642
2019-02-05,45,7,14744.03,B,118221,27.31,2.784,181.8711898,8.992,No,2019,2,1,16435.50768729642
2019-02-05,45,90,32016.42,B,118221,27.31,2.784,181.8711898,8.992,No,2019,2,1,16435.50768729642
2019-02-05,44,18,609.25,C,39910,31.53,2.666,126.4420645,8.119,No,2019,2,1,1550.229425339366
2019-02-05,4,25,15790.5,A,205863,43.76,2.598,126.4420645,8.623,No,2019,2,1,19838.3680016247
2019-02-05,14,97,45017.96,A,200898,27.31,2.784,181.8711898,8.992,No,2019,2,1,19956.04368865647
2019-02-05,22,8,40496.73,B,119557,24.36,2.788,135.3524608,8.283,No,2019,2,1,16530.80798977183
2019-02-05,22,7,18882.15,B,119557,24.36,2.788,135.3524608,8.283,No,2019,2,1,16530.80798977183
2019-02-05,21,19,2179.58,B,140167,39.05,2.572,210.7526053,8.324,No,2019,2,1,15993.97283643123
2019-02-05,21,20,7641.32,B,140167,39.05,2.572,210.7526053,8.324,No,2019,2,1,15993.97283643123
2019-02-05,21,21,3188.76,B,140167,39.05,2.572,210.7526053,8.324,No,2019,2,1,15993.97283643123
2019-02-05,21,22,13400.77,B,140167,39.05,2.572,210.7526053,8.324,No,2019,2,1,15993.97283643123
2019-02-05,21,23,33474.15,B,140167,39.05,2.572,210.7526053,8.324,No,2019,2,1,15993.97283643123
2019-02-05,21,24,7871.55,B,140167,39.05,2.572,210.7526053,8.324,No,2019,2,1,15993.97283643123
2019-02-05,21,25,16165.24,B,140167,39.05,2.572,210.7526053,8.324,No,2019,2,1,15993.97283643123
2019-02-05,21,26,10868.82,B,140167,39.05,2.572,210.7526053,8.324,No,2019,2,1,15993.97283643123
2019-02-05,21,27,2457.5,B,140167,39.05,2.572,210.7526053,8.324,No,2019,2,1,15993.97283643123
2019-02-05,21,28,1083.29,B,140167,39.05,2.572,210.7526053,8.324,No,2019,2,1,15993.97283643123
2019-02-05,21,29,5988.41,B,140167,39.05,2.572,210.7526053,8.324,No,2019,2,1,15993.97283643123
2019-02-05,21,30,5310.0,B,140167,39.05,2.572,210.7526053,8.324,No,2019,2,1,15993.97283643123
2019-02-05,21,31,3289.92,B,140167,39.05,2.572,210.7526053,8.324,No,2019,2,1,15993.97283643123
2019-02-05,21,32,8498.32,B,140167,39.05,2.572,210.7526053,8.324,No,2019,2,1,15993.97283643123
2019-02-05,21,33,8028.58,B,140167,39.05,2.572,210.7526053,8.324,No,2019,2,1,15993.97283643123
2019-02-05,21,34,24949.75,B,140167,39.05,2.572,210.7526053,8.324,No,2019,2,1,15993.97283643123
2019-02-05,22,9,14965.71,B,119557,24.36,2.788,135.3524608,8.283,No,2019,2,1,16530.80798977183
2019-02-05,21,18,3855.02,B,140167,39.05,2.572,210.7526053,8.324,No,2019,2,1,15993.97283643123
2019-02-05,22,82,14109.19,B,119557,24.36,2.788,135.3524608,8.283,No,2019,2,1,16530.80798977183
2019-02-05,22,92,56676.95,B,119557,24.36,2.788,135.3524608,8.283,No,2019,2,1,16530.80798977183
2019-02-05,22,98,150.75,B,119557,24.36,2.788,135.3524608,8.283,No,2019,2,1,16530.80798977183
2019-02-05,22,97,5867.02,B,119557,24.36,2.788,135.3524608,8.283,No,2019,2,1,16530.80798977183
2019-02-05,22,95,59542.69,B,119557,24.36,2.788,135.3524608,8.283,No,2019,2,1,16530.80798977183
2019-02-05,22,60,316.8,B,119557,24.36,2.788,135.3524608,8.283,No,2019,2,1,16530.80798977183
2019-02-05,22,67,13129.68,B,119557,24.36,2.788,135.3524608,8.283,No,2019,2,1,16530.80798977183
2019-02-05,22,71,7564.97,B,119557,24.36,2.788,135.3524608,8.283,No,2019,2,1,16530.80798977183
2019-02-05,3,26,4652.78,B,37392,45.71,2.572,214.4248812,7.368,No,2019,2,1,5909.877946896037
2019-02-05,22,74,19284.24,B,119557,24.36,2.788,135.3524608,8.283,No,2019,2,1,16530.80798977183
2019-02-05,22,79,19110.66,B,119557,24.36,2.788,135.3524608,8.283,No,2019,2,1,16530.80798977183
2019-02-05,22,80,1445.48,B,119557,24.36,2.788,135.3524608,8.283,No,2019,2,1,16530.80798977183
2019-02-05,22,58,5871.0,B,119557,24.36,2.788,135.3524608,8.283,No,2019,2,1,16530.80798977183
2019-02-05,22,81,16872.48,B,119557,24.36,2.788,135.3524608,8.283,No,2019,2,1,16530.80798977183
2019-02-05,22,83,1467.8,B,119557,24.36,2.788,135.3524608,8.283,No,2019,2,1,16530.80798977183
2019-02-05,22,85,2116.5,B,119557,24.36,2.788,135.3524608,8.283,No,2019,2,1,16530.80798977183
2019-02-05,3,25,4787.5,B,37392,45.71,2.572,214.4248812,7.368,No,2019,2,1,5909.877946896037
2019-02-05,22,87,15031.98,B,119557,24.36,2.788,135.3524608,8.283,No,2019,2,1,16530.80798977183
2019-02-05,22,90,25245.69,B,119557,24.36,2.788,135.3524608,8.283,No,2019,2,1,16530.80798977183
2019-02-05,22,91,28423.28,B,119557,24.36,2.788,135.3524608,8.283,No,2019,2,1,16530.80798977183
2019-02-05,22,93,2543.28,B,119557,24.36,2.788,135.3524608,8.283,No,2019,2,1,16530.80798977183
2019-02-05,3,24,2581.34,B,37392,45.71,2.572,214.4248812,7.368,No,2019,2,1,5909.877946896037
2019-02-05,21,17,9658.17,B,140167,39.05,2.572,210.7526053,8.324,No,2019,2,1,15993.97283643123
2019-02-05,21,16,2043.85,B,140167,39.05,2.572,210.7526053,8.324,No,2019,2,1,15993.97283643123
2019-02-05,21,85,1578.59,B,140167,39.05,2.572,210.7526053,8.324,No,2019,2,1,15993.97283643123
2019-02-05,3,33,4127.49,B,37392,45.71,2.572,214.4248812,7.368,No,2019,2,1,5909.877946896037
2019-02-05,21,87,8916.71,B,140167,39.05,2.572,210.7526053,8.324,No,2019,2,1,15993.97283643123
2019-02-05,21,90,11801.66,B,140167,39.05,2.572,210.7526053,8.324,No,2019,2,1,15993.97283643123
2019-02-05,21,91,6171.97,B,140167,39.05,2.572,210.7526053,8.324,No,2019,2,1,15993.97283643123
2019-02-05,21,92,20135.71,B,140167,39.05,2.572,210.7526053,8.324,No,2019,2,1,15993.97283643123
2019-02-05,21,93,711.6,B,140167,39.05,2.572,210.7526053,8.324,No,2019,2,1,15993.97283643123
2019-02-05,21,82,12290.59,B,140167,39.05,2.572,210.7526053,8.324,No,2019,2,1,15993.97283643123
2019-02-05,21,95,32670.9,B,140167,39.05,2.572,210.7526053,8.324,No,2019,2,1,15993.97283643123
2019-02-05,21,98,118.25,B,140167,39.05,2.572,210.7526053,8.324,No,2019,2,1,15993.97283643123
2019-02-05,3,32,6928.39,B,37392,45.71,2.572,214.4248812,7.368,No,2019,2,1,5909.877946896037
2019-02-05,22,1,20686.31,B,119557,24.36,2.788,135.3524608,8.283,No,2019,2,1,16530.80798977183
2019-02-05,22,2,51334.84,B,119557,24.36,2.788,135.3524608,8.283,No,2019,2,1,16530.80798977183
2019-02-05,22,3,11113.54,B,119557,24.36,2.788,135.3524608,8.283,No,2019,2,1,16530.80798977183
2019-02-05,22,4,32754.56,B,119557,24.36,2.788,135.3524608,8.283,No,2019,2,1,16530.80798977183
2019-02-05,22,5,21893.91,B,119557,24.36,2.788,135.3524608,8.283,No,2019,2,1,16530.80798977183
2019-02-05,22,6,5377.41,B,119557,24.36,2.788,135.3524608,8.283,No,2019,2,1,16530.80798977183
2019-02-05,21,97,3358.59,B,140167,39.05,2.572,210.7526053,8.324,No,2019,2,1,15993.97283643123
2019-02-05,20,94,63787.83,A,203742,25.92,2.784,204.2471935,8.187,No,2019,2,1,18469.18785175322
2019-02-05,21,83,205.42,B,140167,39.05,2.572,210.7526053,8.324,No,2019,2,1,15993.97283643123
2019-02-05,3,40,19987.85,B,37392,45.71,2.572,214.4248812,7.368,No,2019,2,1,5909.877946896037
2019-02-05,21,38,53149.41,B,140167,39.05,2.572,210.7526053,8.324,No,2019,2,1,15993.97283643123
2019-02-05,21,35,2507.0,B,140167,39.05,2.572,210.7526053,8.324,No,2019,2,1,15993.97283643123
2019-02-05,3,42,3680.66,B,37392,45.71,2.572,214.4248812,7.368,No,2019,2,1,5909.877946896037
2019-02-05,20,97,28590.12,A,203742,25.92,2.784,204.2471935,8.187,No,2019,2,1,18469.18785175322
2019-02-05,20,98,21344.55,A,203742,25.92,2.784,204.2471935,8.187,No,2019,2,1,18469.18785175322
2019-02-05,21,1,15501.96,B,140167,39.05,2.572,210.7526053,8.324,No,2019,2,1,15993.97283643123
2019-02-05,21,2,46257.97,B,140167,39.05,2.572,210.7526053,8.324,No,2019,2,1,15993.97283643123
2019-02-05,21,3,11370.03,B,140167,39.05,2.572,210.7526053,8.324,No,2019,2,1,15993.97283643123
2019-02-05,21,4,20656.62,B,140167,39.05,2.572,210.7526053,8.324,No,2019,2,1,15993.97283643123
2019-02-05,21,5,20755.54,B,140167,39.05,2.572,210.7526053,8.324,No,2019,2,1,15993.97283643123
2019-02-05,3,36,245.0,B,37392,45.71,2.572,214.4248812,7.368,No,2019,2,1,5909.877946896037
